district_name,uid,area,min,max,mean,count,sum,median,source_file,centroid,bounds
Bhadradri Kothagudem,TSD0001,6974.14,0.16151808202266693,0.2935607433319092,0.20621715806934932,1825.0,376.3463134765625,0.2053837776184082,28-02-2023.geojson,"[80.70439006278075, 17.689273994357553]",
Jagtial,TSD0002,2853.09,0.32942435145378113,0.3681183159351349,0.34419169966966934,758.0,260.8973083496094,0.34528303146362305,28-02-2023.geojson,"[78.87574330838751, 18.8338023749505]",
Jangoan,TSD0003,2112.71,0.2810806632041931,0.34512612223625183,0.31369144118962433,559.0,175.353515625,0.3128786087036133,28-02-2023.geojson,"[79.27607800489348, 17.750740986831726]",
Mulugu,TSD0004,4189.02,0.21077603101730347,0.3669854402542114,0.25438700486259563,1111.0,282.62396240234375,0.23841576278209686,28-02-2023.geojson,"[80.33786772661823, 18.29047147518736]",
Kamareddy,TSD0005,3701.83,0.2021111249923706,0.3583642840385437,0.3237175995154171,977.0,316.2720947265625,0.33594489097595215,28-02-2023.geojson,"[78.06329890793397, 18.326243692893655]",
Karimnagar,TSD0006,2127.79,0.34257039427757263,0.3958103656768799,0.36964842330577763,559.0,206.6334686279297,0.37059512734413147,28-02-2023.geojson,"[79.23853687837321, 18.380183921305157]",
Khammam,TSD0007,4491.25,0.1796398162841797,0.34207624197006226,0.29391984610721983,1160.0,340.947021484375,0.3006341755390167,28-02-2023.geojson,"[80.35668821773643, 17.199094525973987]",
Mahabubabad,TSD0008,3551.04,0.192794069647789,0.37049755454063416,0.2938591567649719,933.0,274.17059326171875,0.31084391474723816,28-02-2023.geojson,"[79.9868218423423, 17.665218729780197]",
Mancherial,TSD0009,3909.4,0.1871986836194992,0.3538966774940491,0.2775072726232289,1041.0,288.88507080078125,0.2801492512226105,28-02-2023.geojson,"[79.51701293789398, 18.993531032765564]",
Medak,TSD0010,2771.68,0.30101126432418823,0.3583642840385437,0.34544907991829926,721.0,249.06878662109375,0.3477177917957306,28-02-2023.geojson,"[78.25824850555264, 17.956574082577863]",
Nagarkurnool,TSD0011,6399.07,0.16871188580989838,0.2627931833267212,0.21626126264347545,1639.0,354.45220947265625,0.21325920522212982,28-02-2023.geojson,"[78.58857647281062, 16.389142237051235]",
Nalgonda,TSD0012,7218.26,0.17435622215270996,0.3997850716114044,0.26984367572441303,1890.0,510.0045471191406,0.2626805305480957,28-02-2023.geojson,"[79.19301472034303, 16.87692074824761]",
Nirmal,TSD0013,3729.13,0.2176779955625534,0.3927554488182068,0.3140779220011352,991.0,311.251220703125,0.3202182650566101,28-02-2023.geojson,"[78.31699355816836, 19.114130687608668]",
Nizamabad,TSD0014,4168.33,0.2656001150608063,0.4120350778102875,0.350867691525105,1101.0,386.3053283691406,0.3471114933490753,28-02-2023.geojson,"[78.20482550088794, 18.70265275287659]",
Peddapalli,TSD0015,2195.39,0.3069626986980438,0.3958103656768799,0.352993627594099,582.0,205.44229125976562,0.3527124226093292,28-02-2023.geojson,"[79.45523488442778, 18.62087616434993]",
Rajanna Sircilla,TSD0016,1897.97,0.3273085355758667,0.3642929494380951,0.3457106030176556,504.0,174.23814392089844,0.3446463942527771,28-02-2023.geojson,"[78.76019366323104, 18.425667296980095]",
Sangareddy,TSD0017,4460.37,0.1879976987838745,0.35729724168777466,0.2699840312101403,1176.0,317.501220703125,0.26665905117988586,28-02-2023.geojson,"[77.8743389606641, 17.7860620089045]",
Siddipet,TSD0018,3637.17,0.297993928194046,0.37169498205184937,0.33835012083575206,969.0,327.86126708984375,0.33986949920654297,28-02-2023.geojson,"[78.84824565922057, 18.009624641220498]",
Vikarabad,TSD0019,3618.96,0.18479856848716736,0.25595778226852417,0.2152011218081065,946.0,203.58026123046875,0.2150379717350006,28-02-2023.geojson,"[77.74593740335436, 17.25474880524307]",
Wanaparthy,TSD0020,2174.67,0.20856192708015442,0.28070104122161865,0.25856595281544165,571.0,147.6411590576172,0.261254221200943,28-02-2023.geojson,"[78.03702611426529, 16.293469013815827]",
Warangal Rural,TSD0021,2139.98,0.31417879462242126,0.3836708068847656,0.3620715567192973,571.0,206.74285888671875,0.36850640177726746,28-02-2023.geojson,"[79.7502031232394, 17.923738139779893]",
Warangal Urban,TSD0022,1294.45,0.3192839026451111,0.3836708068847656,0.3565166922176585,340.0,121.2156753540039,0.3581695258617401,28-02-2023.geojson,"[79.47837226395748, 18.02463739511114]",
Yadadri Bhuvanagiri,TSD0023,3422.72,0.2100207358598709,0.3176083266735077,0.2718069095590403,901.0,244.8980255126953,0.2724320590496063,28-02-2023.geojson,"[78.99514545853893, 17.45604943922443]",
Narayanpet,TSD0024,2380.13,0.18600541353225708,0.26602432131767273,0.22583572212881034,611.0,137.98562622070312,0.22450761497020721,28-02-2023.geojson,"[77.58109853968095, 16.64806882624636]",
Jogulamba Gadwal,TSD0025,2574.21,0.1894308626651764,0.27978867292404175,0.22446426735784775,665.0,149.26873779296875,0.22089019417762756,28-02-2023.geojson,"[77.78100589186505, 16.07197293220882]",
Rangareddy,TSD0026,4997.54,0.17321448028087616,0.24471044540405273,0.19761195327296402,1320.0,260.8477783203125,0.1960718184709549,28-02-2023.geojson,"[78.41195074939806, 17.132164589550737]",
Suryapet,TSD0027,3584.22,0.29748567938804626,0.40140819549560547,0.35510156613227284,941.0,334.15057373046875,0.3497910499572754,28-02-2023.geojson,"[79.75491488779194, 17.080574047365182]",
Medchal Malkajgiri,TSD0028,1088.52,0.0,0.3248532712459564,0.2429468896653917,288.0,69.96870422363281,0.245625302195549,28-02-2023.geojson,"[78.55767227540055, 17.543524002760133]",
Adilabad,TSD0029,3980.34,0.17898111045360565,0.3344618082046509,0.20933534180625601,1041.0,217.9180908203125,0.1956890970468521,28-02-2023.geojson,"[78.56516888256076, 19.520583182394112]",
Hyderabad,TSD0030,182.64,0.0,0.2272106409072876,0.12799257040023804,48.0,6.143643379211426,0.2022322416305542,28-02-2023.geojson,"[78.46696611965449, 17.39599799813276]",
Kumurambheem Asifabad,TSD0031,4495.32,0.1827455312013626,0.3364565968513489,0.21304837660942788,1182.0,251.82318115234375,0.20248107612133026,28-02-2023.geojson,"[79.41516675337719, 19.359212805741603]",
Jayashankar Bhupalpally,TSD0032,2946.01,0.23903118073940277,0.3753410279750824,0.3150729839618389,780.0,245.75692749023438,0.3247791826725006,28-02-2023.geojson,"[79.92787070175133, 18.50206900623134]",
Mahabubnagar,TSD0033,2749.62,0.19791997969150543,0.2798748016357422,0.24249827630632143,722.0,175.08375549316406,0.24503082036972046,28-02-2023.geojson,"[77.99005585064445, 16.756204506499706]",
Bhadradri Kothagudem,TSD0001,6974.14,0.15498971939086914,0.29054513573646545,0.2043775417380137,1825.0,372.989013671875,0.19872236251831055,30-04-2023.geojson,"[80.70439006278075, 17.689273994357553]",
Jagtial,TSD0002,2853.09,0.2053588479757309,0.24235446751117706,0.21348575803409467,758.0,161.82220458984375,0.21259737014770508,30-04-2023.geojson,"[78.87574330838751, 18.8338023749505]",
Jangoan,TSD0003,2112.71,0.17161968350410461,0.20821373164653778,0.18833946541938032,559.0,105.2817611694336,0.1880587637424469,30-04-2023.geojson,"[79.27607800489348, 17.750740986831726]",
Mulugu,TSD0004,4189.02,0.20611344277858734,0.29147210717201233,0.236425034104973,1111.0,262.668212890625,0.2380545437335968,30-04-2023.geojson,"[80.33786772661823, 18.29047147518736]",
Kamareddy,TSD0005,3701.83,0.19157280027866364,0.22727403044700623,0.20892201231348356,977.0,204.11680603027344,0.20597277581691742,30-04-2023.geojson,"[78.06329890793397, 18.326243692893655]",
Karimnagar,TSD0006,2127.79,0.18779964745044708,0.23214326798915863,0.21767746271942084,559.0,121.68170166015625,0.21940091252326965,30-04-2023.geojson,"[79.23853687837321, 18.380183921305157]",
Khammam,TSD0007,4491.25,0.1575329601764679,0.22651471197605133,0.19348557570884967,1160.0,224.44326782226562,0.19619357585906982,30-04-2023.geojson,"[80.35668821773643, 17.199094525973987]",
Mahabubabad,TSD0008,3551.04,0.16730502247810364,0.2516830861568451,0.2143567280498476,933.0,199.9948272705078,0.21220789849758148,30-04-2023.geojson,"[79.9868218423423, 17.665218729780197]",
Mancherial,TSD0009,3909.4,0.17600607872009277,0.25206252932548523,0.20584207584260175,1041.0,214.28160095214844,0.20082241296768188,30-04-2023.geojson,"[79.51701293789398, 18.993531032765564]",
Medak,TSD0010,2771.68,0.18601356446743011,0.23996923863887787,0.20402315221778564,721.0,147.10069274902344,0.19875949621200562,30-04-2023.geojson,"[78.25824850555264, 17.956574082577863]",
Nagarkurnool,TSD0011,6399.07,0.13866162300109863,0.24711167812347412,0.172443792542137,1639.0,282.6353759765625,0.16551078855991364,30-04-2023.geojson,"[78.58857647281062, 16.389142237051235]",
Nalgonda,TSD0012,7218.26,0.13726450502872467,0.23172755539417267,0.1810893871166088,1890.0,342.2589416503906,0.18355485796928406,30-04-2023.geojson,"[79.19301472034303, 16.87692074824761]",
Nirmal,TSD0013,3729.13,0.2108946144580841,0.2623162865638733,0.23395500606533015,991.0,231.8494110107422,0.23400603234767914,30-04-2023.geojson,"[78.31699355816836, 19.114130687608668]",
Nizamabad,TSD0014,4168.33,0.19738972187042236,0.2623162865638733,0.22611942689706802,1101.0,248.95748901367188,0.22464030981063843,30-04-2023.geojson,"[78.20482550088794, 18.70265275287659]",
Peddapalli,TSD0015,2195.39,0.18664048612117767,0.22630946338176727,0.2055138787862771,582.0,119.60907745361328,0.21120807528495789,30-04-2023.geojson,"[79.45523488442778, 18.62087616434993]",
Rajanna Sircilla,TSD0016,1897.97,0.19676348567008972,0.23152782022953033,0.20996057419549852,504.0,105.82012939453125,0.20933327078819275,30-04-2023.geojson,"[78.76019366323104, 18.425667296980095]",
Sangareddy,TSD0017,4460.37,0.19054368138313293,0.2450488656759262,0.2190563694960406,1176.0,257.61029052734375,0.21585281193256378,30-04-2023.geojson,"[77.8743389606641, 17.7860620089045]",
Siddipet,TSD0018,3637.17,0.17845909297466278,0.22697147727012634,0.19584413258775962,969.0,189.77296447753906,0.19478970766067505,30-04-2023.geojson,"[78.84824565922057, 18.009624641220498]",
Vikarabad,TSD0019,3618.96,0.1491544544696808,0.2358424961566925,0.1859635722057512,946.0,175.92153930664062,0.18441936373710632,30-04-2023.geojson,"[77.74593740335436, 17.25474880524307]",
Wanaparthy,TSD0020,2174.67,0.15865637362003326,0.1751021444797516,0.16376932281120019,571.0,93.51228332519531,0.16311144828796387,30-04-2023.geojson,"[78.03702611426529, 16.293469013815827]",
Warangal Rural,TSD0021,2139.98,0.19664832949638367,0.23110662400722504,0.21218930860743213,571.0,121.16009521484375,0.2129434496164322,30-04-2023.geojson,"[79.7502031232394, 17.923738139779893]",
Warangal Urban,TSD0022,1294.45,0.1913800984621048,0.21590937674045563,0.20324848399442785,340.0,69.10448455810547,0.20324356853961945,30-04-2023.geojson,"[79.47837226395748, 18.02463739511114]",
Yadadri Bhuvanagiri,TSD0023,3422.72,0.15049009025096893,0.2060573399066925,0.16855793232129232,901.0,151.87069702148438,0.16799843311309814,30-04-2023.geojson,"[78.99514545853893, 17.45604943922443]",
Narayanpet,TSD0024,2380.13,0.13625864684581757,0.17402976751327515,0.15472027517964915,611.0,94.53408813476562,0.15604408085346222,30-04-2023.geojson,"[77.58109853968095, 16.64806882624636]",
Jogulamba Gadwal,TSD0025,2574.21,0.150864839553833,0.17884224653244019,0.16681167487811324,665.0,110.92976379394531,0.1666540801525116,30-04-2023.geojson,"[77.78100589186505, 16.07197293220882]",
Rangareddy,TSD0026,4997.54,0.13926929235458374,0.21603019535541534,0.17218852187647965,1320.0,227.28884887695312,0.16959935426712036,30-04-2023.geojson,"[78.41195074939806, 17.132164589550737]",
Suryapet,TSD0027,3584.22,0.19890877604484558,0.22990669310092926,0.2168165119750847,941.0,204.0243377685547,0.21479983627796173,30-04-2023.geojson,"[79.75491488779194, 17.080574047365182]",
Medchal Malkajgiri,TSD0028,1088.52,0.0,0.2109195441007614,0.17911103036668566,288.0,51.58397674560547,0.18542619049549103,30-04-2023.geojson,"[78.55767227540055, 17.543524002760133]",
Adilabad,TSD0029,3980.34,0.19862258434295654,0.25411760807037354,0.21685596066638899,1041.0,225.74705505371094,0.21665021777153015,30-04-2023.geojson,"[78.56516888256076, 19.520583182394112]",
Hyderabad,TSD0030,182.64,0.0,0.21058475971221924,0.11595558126767476,48.0,5.565867900848389,0.18799501657485962,30-04-2023.geojson,"[78.46696611965449, 17.39599799813276]",
Kumurambheem Asifabad,TSD0031,4495.32,0.17600607872009277,0.25844714045524597,0.22312697460607023,1182.0,263.736083984375,0.22185884416103363,30-04-2023.geojson,"[79.41516675337719, 19.359212805741603]",
Jayashankar Bhupalpally,TSD0032,2946.01,0.18664048612117767,0.25430288910865784,0.21242673824994993,780.0,165.69285583496094,0.20687972009181976,30-04-2023.geojson,"[79.92787070175133, 18.50206900623134]",
Mahabubnagar,TSD0033,2749.62,0.14545924961566925,0.17495012283325195,0.16320265032908263,722.0,117.83231353759766,0.16311144828796387,30-04-2023.geojson,"[77.99005585064445, 16.756204506499706]",
Bhadradri Kothagudem,TSD0001,6974.14,0.15589722990989685,0.2928653657436371,0.18301234415132706,1825.0,333.9975280761719,0.17812398076057434,30-06-2023.geojson,"[80.70439006278075, 17.689273994357553]",
Jagtial,TSD0002,2853.09,0.21761757135391235,0.2681999206542969,0.23050673593002763,758.0,174.72410583496094,0.2303653210401535,30-06-2023.geojson,"[78.87574330838751, 18.8338023749505]",
Jangoan,TSD0003,2112.71,0.20094479620456696,0.25470107793807983,0.21794177551815463,559.0,121.82945251464844,0.2153623253107071,30-06-2023.geojson,"[79.27607800489348, 17.750740986831726]",
Mulugu,TSD0004,4189.02,0.17089171707630157,0.2295052707195282,0.19781293620084664,1111.0,219.77017211914062,0.19845272600650787,30-06-2023.geojson,"[80.33786772661823, 18.29047147518736]",
Kamareddy,TSD0005,3701.83,0.18693946301937103,0.2734677791595459,0.22867238289746195,977.0,223.4129180908203,0.22977033257484436,30-06-2023.geojson,"[78.06329890793397, 18.326243692893655]",
Karimnagar,TSD0006,2127.79,0.1979939490556717,0.2449423372745514,0.22622458196923217,559.0,126.45954132080078,0.22829589247703552,30-06-2023.geojson,"[79.23853687837321, 18.380183921305157]",
Khammam,TSD0007,4491.25,0.15559938549995422,0.21550729870796204,0.17993679704337284,1160.0,208.7266845703125,0.18011321127414703,30-06-2023.geojson,"[80.35668821773643, 17.199094525973987]",
Mahabubabad,TSD0008,3551.04,0.15559938549995422,0.23191499710083008,0.2002494460389034,933.0,186.83273315429688,0.2046707421541214,30-06-2023.geojson,"[79.9868218423423, 17.665218729780197]",
Mancherial,TSD0009,3909.4,0.20063035190105438,0.2811230719089508,0.2300602659139349,1041.0,239.49273681640625,0.22204327583312988,30-06-2023.geojson,"[79.51701293789398, 18.993531032765564]",
Medak,TSD0010,2771.68,0.18714846670627594,0.27854058146476746,0.2168843643675234,721.0,156.37362670898438,0.20848555862903595,30-06-2023.geojson,"[78.25824850555264, 17.956574082577863]",
Nagarkurnool,TSD0011,6399.07,0.14804334938526154,0.25300362706184387,0.1767765438505758,1639.0,289.73675537109375,0.16629406809806824,30-06-2023.geojson,"[78.58857647281062, 16.389142237051235]",
Nalgonda,TSD0012,7218.26,0.1538638472557068,0.24872072041034698,0.21132823802806713,1890.0,399.4103698730469,0.2136833369731903,30-06-2023.geojson,"[79.19301472034303, 16.87692074824761]",
Nirmal,TSD0013,3729.13,0.20795860886573792,0.2693274915218353,0.23508366374026393,991.0,232.96791076660156,0.23716482520103455,30-06-2023.geojson,"[78.31699355816836, 19.114130687608668]",
Nizamabad,TSD0014,4168.33,0.1914861798286438,0.2781549096107483,0.24310846008245346,1101.0,267.66241455078125,0.24888280034065247,30-06-2023.geojson,"[78.20482550088794, 18.70265275287659]",
Peddapalli,TSD0015,2195.39,0.18815378844738007,0.24931980669498444,0.22705439931338595,582.0,132.14566040039062,0.23037737607955933,30-06-2023.geojson,"[79.45523488442778, 18.62087616434993]",
Rajanna Sircilla,TSD0016,1897.97,0.19841241836547852,0.24759545922279358,0.2265486036028181,504.0,114.18049621582031,0.2286677062511444,30-06-2023.geojson,"[78.76019366323104, 18.425667296980095]",
Sangareddy,TSD0017,4460.37,0.20381413400173187,0.27854058146476746,0.24999190349968112,1176.0,293.990478515625,0.2554289400577545,30-06-2023.geojson,"[77.8743389606641, 17.7860620089045]",
Siddipet,TSD0018,3637.17,0.19841241836547852,0.23649880290031433,0.20919755713243357,969.0,202.71243286132812,0.20690084993839264,30-06-2023.geojson,"[78.84824565922057, 18.009624641220498]",
Vikarabad,TSD0019,3618.96,0.17156369984149933,0.2660282850265503,0.21796159159557513,946.0,206.19166564941406,0.21737582981586456,30-06-2023.geojson,"[77.74593740335436, 17.25474880524307]",
Wanaparthy,TSD0020,2174.67,0.15781626105308533,0.20394057035446167,0.16999592421977616,571.0,97.06767272949219,0.16640165448188782,30-06-2023.geojson,"[78.03702611426529, 16.293469013815827]",
Warangal Rural,TSD0021,2139.98,0.18764372169971466,0.22621816396713257,0.21040358935888928,571.0,120.14044952392578,0.21095146238803864,30-06-2023.geojson,"[79.7502031232394, 17.923738139779893]",
Warangal Urban,TSD0022,1294.45,0.20069710910320282,0.22451519966125488,0.21173302145565256,340.0,71.98922729492188,0.2123188078403473,30-06-2023.geojson,"[79.47837226395748, 18.02463739511114]",
Yadadri Bhuvanagiri,TSD0023,3422.72,0.18271775543689728,0.25790882110595703,0.22518074128789192,901.0,202.88784790039062,0.22563335299491882,30-06-2023.geojson,"[78.99514545853893, 17.45604943922443]",
Narayanpet,TSD0024,2380.13,0.16819694638252258,0.20830078423023224,0.18340260307449366,611.0,112.05899047851562,0.1811019778251648,30-06-2023.geojson,"[77.58109853968095, 16.64806882624636]",
Jogulamba Gadwal,TSD0025,2574.21,0.1650698333978653,0.204300194978714,0.18709544705269032,665.0,124.41847229003906,0.18860825896263123,30-06-2023.geojson,"[77.78100589186505, 16.07197293220882]",
Rangareddy,TSD0026,4997.54,0.14804334938526154,0.23956923186779022,0.17924867109818893,1320.0,236.60824584960938,0.17667770385742188,30-06-2023.geojson,"[78.41195074939806, 17.132164589550737]",
Suryapet,TSD0027,3584.22,0.17813631892204285,0.244625985622406,0.20473828047165582,941.0,192.65872192382812,0.20074407756328583,30-06-2023.geojson,"[79.75491488779194, 17.080574047365182]",
Medchal Malkajgiri,TSD0028,1088.52,0.0,0.2120722085237503,0.197181502978007,288.0,56.788272857666016,0.20595692098140717,30-06-2023.geojson,"[78.55767227540055, 17.543524002760133]",
Adilabad,TSD0029,3980.34,0.1984521597623825,0.2594403922557831,0.22187598500540345,1041.0,230.972900390625,0.21925048530101776,30-06-2023.geojson,"[78.56516888256076, 19.520583182394112]",
Hyderabad,TSD0030,182.64,0.0,0.20833715796470642,0.1208245853583018,48.0,5.799580097198486,0.19488491117954254,30-06-2023.geojson,"[78.46696611965449, 17.39599799813276]",
Kumurambheem Asifabad,TSD0031,4495.32,0.20063035190105438,0.2811230719089508,0.23928703914842428,1182.0,282.8372802734375,0.23532944917678833,30-06-2023.geojson,"[79.41516675337719, 19.359212805741603]",
Jayashankar Bhupalpally,TSD0032,2946.01,0.18086545169353485,0.23293250799179077,0.2009437756660657,780.0,156.73614501953125,0.20150041580200195,30-06-2023.geojson,"[79.92787070175133, 18.50206900623134]",
Mahabubnagar,TSD0033,2749.62,0.15107351541519165,0.19267353415489197,0.1704634563414344,722.0,123.07461547851562,0.1727626621723175,30-06-2023.geojson,"[77.99005585064445, 16.756204506499706]",
Bhadradri Kothagudem,TSD0001,6974.14,0.2612490952014923,0.4670376181602478,0.35959492722602737,1825.0,656.2607421875,0.3517703413963318,30-09-2023.geojson,"[80.70439006278075, 17.689273994357553]",
Jagtial,TSD0002,2853.09,0.29036208987236023,0.3983747065067291,0.3216671905920185,758.0,243.82373046875,0.3198997974395752,30-09-2023.geojson,"[78.87574330838751, 18.8338023749505]",
Jangoan,TSD0003,2112.71,0.2522648870944977,0.3318574130535126,0.29653641320298524,559.0,165.76385498046875,0.29511919617652893,30-09-2023.geojson,"[79.27607800489348, 17.750740986831726]",
Mulugu,TSD0004,4189.02,0.34399643540382385,0.4686397612094879,0.4142253886033135,1111.0,460.20440673828125,0.41664427518844604,30-09-2023.geojson,"[80.33786772661823, 18.29047147518736]",
Kamareddy,TSD0005,3701.83,0.2819299101829529,0.3484586775302887,0.3035304558557766,977.0,296.54925537109375,0.30412712693214417,30-09-2023.geojson,"[78.06329890793397, 18.326243692893655]",
Karimnagar,TSD0006,2127.79,0.3167136609554291,0.34864917397499084,0.33478675801340285,559.0,187.1457977294922,0.3363763391971588,30-09-2023.geojson,"[79.23853687837321, 18.380183921305157]",
Khammam,TSD0007,4491.25,0.25752052664756775,0.34257057309150696,0.3144696202771417,1160.0,364.7847595214844,0.324568510055542,30-09-2023.geojson,"[80.35668821773643, 17.199094525973987]",
Mahabubabad,TSD0008,3551.04,0.30505552887916565,0.40317273139953613,0.3408156023914791,933.0,317.98095703125,0.328859806060791,30-09-2023.geojson,"[79.9868218423423, 17.665218729780197]",
Mancherial,TSD0009,3909.4,0.3288397490978241,0.4525119960308075,0.3769703625945605,1041.0,392.4261474609375,0.372965008020401,30-09-2023.geojson,"[79.51701293789398, 18.993531032765564]",
Medak,TSD0010,2771.68,0.29451966285705566,0.3808678388595581,0.32389395577566965,721.0,233.5275421142578,0.3179910480976105,30-09-2023.geojson,"[78.25824850555264, 17.956574082577863]",
Nagarkurnool,TSD0011,6399.07,0.22602252662181854,0.38989385962486267,0.27647600063396127,1639.0,453.1441650390625,0.27276611328125,30-09-2023.geojson,"[78.58857647281062, 16.389142237051235]",
Nalgonda,TSD0012,7218.26,0.2170293778181076,0.3593597412109375,0.26440896331948577,1890.0,499.7329406738281,0.2535947561264038,30-09-2023.geojson,"[79.19301472034303, 16.87692074824761]",
Nirmal,TSD0013,3729.13,0.31809890270233154,0.4307238459587097,0.3835826762148398,991.0,380.13043212890625,0.3831126391887665,30-09-2023.geojson,"[78.31699355816836, 19.114130687608668]",
Nizamabad,TSD0014,4168.33,0.2819299101829529,0.4209539592266083,0.33683462255548935,1101.0,370.85491943359375,0.3360935151576996,30-09-2023.geojson,"[78.20482550088794, 18.70265275287659]",
Peddapalli,TSD0015,2195.39,0.31664061546325684,0.38019993901252747,0.33538262540941793,582.0,195.19268798828125,0.33556151390075684,30-09-2023.geojson,"[79.45523488442778, 18.62087616434993]",
Rajanna Sircilla,TSD0016,1897.97,0.28880763053894043,0.3320622146129608,0.30820059397863964,504.0,155.33309936523438,0.3099512457847595,30-09-2023.geojson,"[78.76019366323104, 18.425667296980095]",
Sangareddy,TSD0017,4460.37,0.31028562784194946,0.39402318000793457,0.3610927036830357,1176.0,424.64501953125,0.3707931637763977,30-09-2023.geojson,"[77.8743389606641, 17.7860620089045]",
Siddipet,TSD0018,3637.17,0.2854470908641815,0.33830171823501587,0.3113728337243615,969.0,301.72027587890625,0.31151387095451355,30-09-2023.geojson,"[78.84824565922057, 18.009624641220498]",
Vikarabad,TSD0019,3618.96,0.2874280512332916,0.3902646005153656,0.345597249004856,946.0,326.93499755859375,0.35169968008995056,30-09-2023.geojson,"[77.74593740335436, 17.25474880524307]",
Wanaparthy,TSD0020,2174.67,0.258232980966568,0.31358829140663147,0.2875095507726987,571.0,164.16795349121094,0.2880506217479706,30-09-2023.geojson,"[78.03702611426529, 16.293469013815827]",
Warangal Rural,TSD0021,2139.98,0.3203073740005493,0.3724812865257263,0.33400821184736207,571.0,190.71868896484375,0.33323195576667786,30-09-2023.geojson,"[79.7502031232394, 17.923738139779893]",
Warangal Urban,TSD0022,1294.45,0.3101024925708771,0.3424210250377655,0.3238352158490349,340.0,110.10397338867188,0.3230818212032318,30-09-2023.geojson,"[79.47837226395748, 18.02463739511114]",
Yadadri Bhuvanagiri,TSD0023,3422.72,0.21714821457862854,0.3034588098526001,0.24996846629829703,901.0,225.22158813476562,0.24639125168323517,30-09-2023.geojson,"[78.99514545853893, 17.45604943922443]",
Narayanpet,TSD0024,2380.13,0.2466033548116684,0.30839958786964417,0.2677736173089709,611.0,163.60968017578125,0.26600995659828186,30-09-2023.geojson,"[77.58109853968095, 16.64806882624636]",
Jogulamba Gadwal,TSD0025,2574.21,0.22977231442928314,0.30166712403297424,0.2586272734448426,665.0,171.9871368408203,0.25996071100234985,30-09-2023.geojson,"[77.78100589186505, 16.07197293220882]",
Rangareddy,TSD0026,4997.54,0.21807961165905,0.37550631165504456,0.274788642652107,1320.0,362.72100830078125,0.26224008202552795,30-09-2023.geojson,"[78.41195074939806, 17.132164589550737]",
Suryapet,TSD0027,3584.22,0.29563695192337036,0.3594496548175812,0.3381491001303467,941.0,318.19830322265625,0.33810415863990784,30-09-2023.geojson,"[79.75491488779194, 17.080574047365182]",
Medchal Malkajgiri,TSD0028,1088.52,0.0,0.3229294717311859,0.280076715681288,288.0,80.66209411621094,0.2942054569721222,30-09-2023.geojson,"[78.55767227540055, 17.543524002760133]",
Adilabad,TSD0029,3980.34,0.37398993968963623,0.4294387102127075,0.4000113686040316,1041.0,416.4118347167969,0.39763060212135315,30-09-2023.geojson,"[78.56516888256076, 19.520583182394112]",
Hyderabad,TSD0030,182.64,0.0,0.3079586923122406,0.16569984952608743,48.0,7.953592777252197,0.26224008202552795,30-09-2023.geojson,"[78.46696611965449, 17.39599799813276]",
Kumurambheem Asifabad,TSD0031,4495.32,0.3492567539215088,0.4525119960308075,0.3989637862203892,1182.0,471.5751953125,0.3977556526660919,30-09-2023.geojson,"[79.41516675337719, 19.359212805741603]",
Jayashankar Bhupalpally,TSD0032,2946.01,0.32208365201950073,0.46077460050582886,0.39810078938802085,780.0,310.51861572265625,0.396232932806015,30-09-2023.geojson,"[79.92787070175133, 18.50206900623134]",
Mahabubnagar,TSD0033,2749.62,0.25874561071395874,0.3038816452026367,0.27988831158159844,722.0,202.07936096191406,0.27844423055648804,30-09-2023.geojson,"[77.99005585064445, 16.756204506499706]",
Bhadradri Kothagudem,TSD0001,6974.14,0.17730240523815155,0.29199379682540894,0.20153231686108733,1825.0,367.7964782714844,0.19669944047927856,30-11-2023.geojson,"[80.70439006278075, 17.689273994357553]",
Jagtial,TSD0002,2853.09,0.2236562818288803,0.263359397649765,0.237786043916969,758.0,180.2418212890625,0.236593097448349,30-11-2023.geojson,"[78.87574330838751, 18.8338023749505]",
Jangoan,TSD0003,2112.71,0.18750888109207153,0.25117620825767517,0.21445890914562138,559.0,119.88253021240234,0.21255047619342804,30-11-2023.geojson,"[79.27607800489348, 17.750740986831726]",
Mulugu,TSD0004,4189.02,0.19669944047927856,0.24029594659805298,0.21617026204573583,1111.0,240.1651611328125,0.2187892496585846,30-11-2023.geojson,"[80.33786772661823, 18.29047147518736]",
Kamareddy,TSD0005,3701.83,0.22214362025260925,0.2983698844909668,0.25714097271922176,977.0,251.2267303466797,0.25581860542297363,30-11-2023.geojson,"[78.06329890793397, 18.326243692893655]",
Karimnagar,TSD0006,2127.79,0.21144340932369232,0.2632017731666565,0.23271061823918268,559.0,130.08523559570312,0.2337794154882431,30-11-2023.geojson,"[79.23853687837321, 18.380183921305157]",
Khammam,TSD0007,4491.25,0.18188807368278503,0.23802462220191956,0.20333520297346444,1160.0,235.86883544921875,0.2000376284122467,30-11-2023.geojson,"[80.35668821773643, 17.199094525973987]",
Mahabubabad,TSD0008,3551.04,0.18547561764717102,0.24199062585830688,0.21897121155504756,933.0,204.30014038085938,0.2223415970802307,30-11-2023.geojson,"[79.9868218423423, 17.665218729780197]",
Mancherial,TSD0009,3909.4,0.17923088371753693,0.2664560079574585,0.21327227062038454,1041.0,222.0164337158203,0.20397958159446716,30-11-2023.geojson,"[79.51701293789398, 18.993531032765564]",
Medak,TSD0010,2771.68,0.20796281099319458,0.3069343566894531,0.2540400659823054,721.0,183.1628875732422,0.2506715953350067,30-11-2023.geojson,"[78.25824850555264, 17.956574082577863]",
Nagarkurnool,TSD0011,6399.07,0.1342656910419464,0.2518814504146576,0.1817850947307333,1639.0,297.9457702636719,0.17788183689117432,30-11-2023.geojson,"[78.58857647281062, 16.389142237051235]",
Nalgonda,TSD0012,7218.26,0.13221432268619537,0.27072933316230774,0.2092505076574901,1890.0,395.48345947265625,0.2181289792060852,30-11-2023.geojson,"[79.19301472034303, 16.87692074824761]",
Nirmal,TSD0013,3729.13,0.22835233807563782,0.32901760935783386,0.2800123289783836,991.0,277.4922180175781,0.2854321599006653,30-11-2023.geojson,"[78.31699355816836, 19.114130687608668]",
Nizamabad,TSD0014,4168.33,0.23025284707546234,0.327485591173172,0.2790313637548961,1101.0,307.2135314941406,0.278893381357193,30-11-2023.geojson,"[78.20482550088794, 18.70265275287659]",
Peddapalli,TSD0015,2195.39,0.20161224901676178,0.24095197021961212,0.22193468231515787,582.0,129.16598510742188,0.21910223364830017,30-11-2023.geojson,"[79.45523488442778, 18.62087616434993]",
Rajanna Sircilla,TSD0016,1897.97,0.22416840493679047,0.2632017731666565,0.24566832042875744,504.0,123.81683349609375,0.24673035740852356,30-11-2023.geojson,"[78.76019366323104, 18.425667296980095]",
Sangareddy,TSD0017,4460.37,0.21445384621620178,0.3076920509338379,0.2652926023314599,1176.0,311.9841003417969,0.2658006548881531,30-11-2023.geojson,"[77.8743389606641, 17.7860620089045]",
Siddipet,TSD0018,3637.17,0.19066734611988068,0.24719880521297455,0.2147510004978554,969.0,208.09371948242188,0.21409127116203308,30-11-2023.geojson,"[78.84824565922057, 18.009624641220498]",
Vikarabad,TSD0019,3618.96,0.16244731843471527,0.27928707003593445,0.21026614554084633,946.0,198.91177368164062,0.20931200683116913,30-11-2023.geojson,"[77.74593740335436, 17.25474880524307]",
Wanaparthy,TSD0020,2174.67,0.17484386265277863,0.21515542268753052,0.182763575672477,571.0,104.35800170898438,0.178905189037323,30-11-2023.geojson,"[78.03702611426529, 16.293469013815827]",
Warangal Rural,TSD0021,2139.98,0.2147281914949417,0.23634670674800873,0.22623468990292525,571.0,129.1800079345703,0.22618436813354492,30-11-2023.geojson,"[79.7502031232394, 17.923738139779893]",
Warangal Urban,TSD0022,1294.45,0.20790639519691467,0.2342025637626648,0.2194856082691866,340.0,74.62510681152344,0.21986091136932373,30-11-2023.geojson,"[79.47837226395748, 18.02463739511114]",
Yadadri Bhuvanagiri,TSD0023,3422.72,0.1536542773246765,0.2672097384929657,0.20370537591694993,901.0,183.53854370117188,0.19720794260501862,30-11-2023.geojson,"[78.99514545853893, 17.45604943922443]",
Narayanpet,TSD0024,2380.13,0.14623495936393738,0.18890976905822754,0.16566406100159192,611.0,101.22074127197266,0.16293887794017792,30-11-2023.geojson,"[77.58109853968095, 16.64806882624636]",
Jogulamba Gadwal,TSD0025,2574.21,0.1581815481185913,0.21209673583507538,0.18749767102693257,665.0,124.68595123291016,0.1894063502550125,30-11-2023.geojson,"[77.78100589186505, 16.07197293220882]",
Rangareddy,TSD0026,4997.54,0.13221432268619537,0.2438027262687683,0.16739437218868372,1320.0,220.9605712890625,0.15898865461349487,30-11-2023.geojson,"[78.41195074939806, 17.132164589550737]",
Suryapet,TSD0027,3584.22,0.219172403216362,0.2643889784812927,0.23547713536131776,941.0,221.583984375,0.23308536410331726,30-11-2023.geojson,"[79.75491488779194, 17.080574047365182]",
Medchal Malkajgiri,TSD0028,1088.52,0.0,0.22092844545841217,0.18500910864935982,288.0,53.282623291015625,0.193283811211586,30-11-2023.geojson,"[78.55767227540055, 17.543524002760133]",
Adilabad,TSD0029,3980.34,0.21848532557487488,0.30760657787323,0.24433509027809047,1041.0,254.3528289794922,0.2426413893699646,30-11-2023.geojson,"[78.56516888256076, 19.520583182394112]",
Hyderabad,TSD0030,182.64,0.0,0.20727817714214325,0.1103353202342987,48.0,5.296095371246338,0.17321938276290894,30-11-2023.geojson,"[78.46696611965449, 17.39599799813276]",
Kumurambheem Asifabad,TSD0031,4495.32,0.17923088371753693,0.26412761211395264,0.20950904755826327,1182.0,247.6396942138672,0.20500777661800385,30-11-2023.geojson,"[79.41516675337719, 19.359212805741603]",
Jayashankar Bhupalpally,TSD0032,2946.01,0.20180481672286987,0.22827878594398499,0.2149019485864884,780.0,167.62351989746094,0.215955451130867,30-11-2023.geojson,"[79.92787070175133, 18.50206900623134]",
Mahabubnagar,TSD0033,2749.62,0.13941353559494019,0.18727663159370422,0.16951169465717517,722.0,122.38744354248047,0.17162571847438812,30-11-2023.geojson,"[77.99005585064445, 16.756204506499706]",
Bhadradri Kothagudem,TSD0001,6974.14,0.1621943861246109,0.33146578073501587,0.2174359214469178,1825.0,396.820556640625,0.21384404599666595,31-01-2023.geojson,"[80.70439006278075, 17.689273994357553]",
Jagtial,TSD0002,2853.09,0.36071231961250305,0.4259251654148102,0.41143235178924803,758.0,311.86572265625,0.4145394563674927,31-01-2023.geojson,"[78.87574330838751, 18.8338023749505]",
Jangoan,TSD0003,2112.71,0.3734108507633209,0.42339766025543213,0.39742332281068316,559.0,222.15963745117188,0.3992837071418762,31-01-2023.geojson,"[79.27607800489348, 17.750740986831726]",
Mulugu,TSD0004,4189.02,0.20489327609539032,0.35109302401542664,0.24140310759591585,1111.0,268.1988525390625,0.23173415660858154,31-01-2023.geojson,"[80.33786772661823, 18.29047147518736]",
Kamareddy,TSD0005,3701.83,0.2191510647535324,0.4201313853263855,0.3809339041109583,977.0,372.17242431640625,0.39853110909461975,31-01-2023.geojson,"[78.06329890793397, 18.326243692893655]",
Karimnagar,TSD0006,2127.79,0.40879642963409424,0.4304485321044922,0.4182398869441106,559.0,233.7960968017578,0.4166281223297119,31-01-2023.geojson,"[79.23853687837321, 18.380183921305157]",
Khammam,TSD0007,4491.25,0.18697717785835266,0.4471123218536377,0.33447912808122304,1160.0,387.99578857421875,0.33615532517433167,31-01-2023.geojson,"[80.35668821773643, 17.199094525973987]",
Mahabubabad,TSD0008,3551.04,0.1965869963169098,0.42729976773262024,0.32019226139636925,933.0,298.7393798828125,0.3097735047340393,31-01-2023.geojson,"[79.9868218423423, 17.665218729780197]",
Mancherial,TSD0009,3909.4,0.18980124592781067,0.4187845289707184,0.29370254970993936,1041.0,305.7443542480469,0.28474685549736023,31-01-2023.geojson,"[79.51701293789398, 18.993531032765564]",
Medak,TSD0010,2771.68,0.303790807723999,0.4069313704967499,0.38708237900647974,721.0,279.0863952636719,0.38950443267822266,31-01-2023.geojson,"[78.25824850555264, 17.956574082577863]",
Nagarkurnool,TSD0011,6399.07,0.17709767818450928,0.31212085485458374,0.2332036389018647,1639.0,382.22076416015625,0.22849737107753754,31-01-2023.geojson,"[78.58857647281062, 16.389142237051235]",
Nalgonda,TSD0012,7218.26,0.17794734239578247,0.4631914794445038,0.3423805519386574,1890.0,647.0992431640625,0.3530780076980591,31-01-2023.geojson,"[79.19301472034303, 16.87692074824761]",
Nirmal,TSD0013,3729.13,0.2302848845720291,0.44300577044487,0.33915219273264063,991.0,336.0998229980469,0.3365929424762726,31-01-2023.geojson,"[78.31699355816836, 19.114130687608668]",
Nizamabad,TSD0014,4168.33,0.3205472528934479,0.44300577044487,0.413446826571015,1101.0,455.2049560546875,0.4141923189163208,31-01-2023.geojson,"[78.20482550088794, 18.70265275287659]",
Peddapalli,TSD0015,2195.39,0.3217181861400604,0.4321756362915039,0.4091718483626638,582.0,238.1380157470703,0.4209554195404053,31-01-2023.geojson,"[79.45523488442778, 18.62087616434993]",
Rajanna Sircilla,TSD0016,1897.97,0.40505504608154297,0.4259251654148102,0.41206411331418963,504.0,207.68031311035156,0.4102359414100647,31-01-2023.geojson,"[78.76019366323104, 18.425667296980095]",
Sangareddy,TSD0017,4460.37,0.19301064312458038,0.39853110909461975,0.2855666802853954,1176.0,335.826416015625,0.2783947288990021,31-01-2023.geojson,"[77.8743389606641, 17.7860620089045]",
Siddipet,TSD0018,3637.17,0.31732550263404846,0.4128333330154419,0.39459515110011933,969.0,382.3627014160156,0.4019492566585541,31-01-2023.geojson,"[78.84824565922057, 18.009624641220498]",
Vikarabad,TSD0019,3618.96,0.17680120468139648,0.2666076421737671,0.21458136657327728,946.0,202.9939727783203,0.2177116870880127,31-01-2023.geojson,"[77.74593740335436, 17.25474880524307]",
Wanaparthy,TSD0020,2174.67,0.24842502176761627,0.3253108859062195,0.30058761569956766,571.0,171.63552856445312,0.30737361311912537,31-01-2023.geojson,"[78.03702611426529, 16.293469013815827]",
Warangal Rural,TSD0021,2139.98,0.27610015869140625,0.42760685086250305,0.37923323168646017,571.0,216.54217529296875,0.393903523683548,31-01-2023.geojson,"[79.7502031232394, 17.923738139779893]",
Warangal Urban,TSD0022,1294.45,0.3910543918609619,0.42760685086250305,0.41503879322725185,340.0,141.11318969726562,0.4158616364002228,31-01-2023.geojson,"[79.47837226395748, 18.02463739511114]",
Yadadri Bhuvanagiri,TSD0023,3422.72,0.23975148797035217,0.41230514645576477,0.359747714128399,901.0,324.1326904296875,0.3709830641746521,31-01-2023.geojson,"[78.99514545853893, 17.45604943922443]",
Narayanpet,TSD0024,2380.13,0.19061140716075897,0.31619876623153687,0.25083736038832344,611.0,153.26162719726562,0.2491173893213272,31-01-2023.geojson,"[77.58109853968095, 16.64806882624636]",
Jogulamba Gadwal,TSD0025,2574.21,0.20392419397830963,0.31895992159843445,0.2532672623942669,665.0,168.4227294921875,0.24903935194015503,31-01-2023.geojson,"[77.78100589186505, 16.07197293220882]",
Rangareddy,TSD0026,4997.54,0.16946366429328918,0.3068425953388214,0.2027453104654948,1320.0,267.6238098144531,0.19813059270381927,31-01-2023.geojson,"[78.41195074939806, 17.132164589550737]",
Suryapet,TSD0027,3584.22,0.35590195655822754,0.46785813570022583,0.4362612976657977,941.0,410.5218811035156,0.4324014186859131,31-01-2023.geojson,"[79.75491488779194, 17.080574047365182]",
Medchal Malkajgiri,TSD0028,1088.52,0.0,0.357697457075119,0.27039220598008895,288.0,77.87295532226562,0.27054959535598755,31-01-2023.geojson,"[78.55767227540055, 17.543524002760133]",
Adilabad,TSD0029,3980.34,0.18330469727516174,0.3603253960609436,0.2143280439715793,1041.0,223.11549377441406,0.20084604620933533,31-01-2023.geojson,"[78.56516888256076, 19.520583182394112]",
Hyderabad,TSD0030,182.64,0.0,0.2546446919441223,0.14109488328297934,48.0,6.772554397583008,0.2149430364370346,31-01-2023.geojson,"[78.46696611965449, 17.39599799813276]",
Kumurambheem Asifabad,TSD0031,4495.32,0.1855524182319641,0.36071231961250305,0.21672773280522947,1182.0,256.17218017578125,0.2056794911623001,31-01-2023.geojson,"[79.41516675337719, 19.359212805741603]",
Jayashankar Bhupalpally,TSD0032,2946.01,0.22419287264347076,0.42735564708709717,0.30991619794796677,780.0,241.73463439941406,0.29645639657974243,31-01-2023.geojson,"[79.92787070175133, 18.50206900623134]",
Mahabubnagar,TSD0033,2749.62,0.19117307662963867,0.32449156045913696,0.2610858272647594,722.0,188.50396728515625,0.2592740058898926,31-01-2023.geojson,"[77.99005585064445, 16.756204506499706]",
Bhadradri Kothagudem,TSD0001,6974.14,0.19797155261039734,0.30514585971832275,0.23021203446061644,1825.0,420.136962890625,0.22830788791179657,31-03-2023.geojson,"[80.70439006278075, 17.689273994357553]",
Jagtial,TSD0002,2853.09,0.2277362197637558,0.2709762752056122,0.2408082302767872,758.0,182.5326385498047,0.2385038137435913,31-03-2023.geojson,"[78.87574330838751, 18.8338023749505]",
Jangoan,TSD0003,2112.71,0.20216122269630432,0.2663195729255676,0.23023762984437893,559.0,128.7028350830078,0.22877733409404755,31-03-2023.geojson,"[79.27607800489348, 17.750740986831726]",
Mulugu,TSD0004,4189.02,0.2288268506526947,0.287506103515625,0.25782705834059966,1111.0,286.44586181640625,0.2608957886695862,31-03-2023.geojson,"[80.33786772661823, 18.29047147518736]",
Kamareddy,TSD0005,3701.83,0.20932210981845856,0.27218812704086304,0.23750884603697545,977.0,232.046142578125,0.23847150802612305,31-03-2023.geojson,"[78.06329890793397, 18.326243692893655]",
Karimnagar,TSD0006,2127.79,0.23505108058452606,0.29122886061668396,0.27249582253116617,559.0,152.32516479492188,0.27536067366600037,31-03-2023.geojson,"[79.23853687837321, 18.380183921305157]",
Khammam,TSD0007,4491.25,0.20038799941539764,0.2567465007305145,0.23605912307213092,1160.0,273.8285827636719,0.23877713084220886,31-03-2023.geojson,"[80.35668821773643, 17.199094525973987]",
Mahabubabad,TSD0008,3551.04,0.20473545789718628,0.27028563618659973,0.24560038248697916,933.0,229.14515686035156,0.24616746604442596,31-03-2023.geojson,"[79.9868218423423, 17.665218729780197]",
Mancherial,TSD0009,3909.4,0.17599689960479736,0.2574820816516876,0.22253158525362482,1041.0,231.65538024902344,0.2265205830335617,31-03-2023.geojson,"[79.51701293789398, 18.993531032765564]",
Medak,TSD0010,2771.68,0.2315121591091156,0.2801721394062042,0.2545393310208261,721.0,183.52285766601562,0.25233927369117737,31-03-2023.geojson,"[78.25824850555264, 17.956574082577863]",
Nagarkurnool,TSD0011,6399.07,0.15744192898273468,0.22923973202705383,0.18844584010591442,1639.0,308.86273193359375,0.18826046586036682,31-03-2023.geojson,"[78.58857647281062, 16.389142237051235]",
Nalgonda,TSD0012,7218.26,0.15287232398986816,0.28651654720306396,0.21168894288401124,1890.0,400.09210205078125,0.21632817387580872,31-03-2023.geojson,"[79.19301472034303, 16.87692074824761]",
Nirmal,TSD0013,3729.13,0.20399126410484314,0.31109902262687683,0.2500661778762771,991.0,247.81558227539062,0.25451743602752686,31-03-2023.geojson,"[78.31699355816836, 19.114130687608668]",
Nizamabad,TSD0014,4168.33,0.21713237464427948,0.3181435763835907,0.25825368827521855,1101.0,284.3373107910156,0.25028297305107117,31-03-2023.geojson,"[78.20482550088794, 18.70265275287659]",
Peddapalli,TSD0015,2195.39,0.2300100475549698,0.29122886061668396,0.25066824057667525,582.0,145.888916015625,0.24300338327884674,31-03-2023.geojson,"[79.45523488442778, 18.62087616434993]",
Rajanna Sircilla,TSD0016,1897.97,0.22361670434474945,0.2749176323413849,0.2481324937608507,504.0,125.05877685546875,0.24825094640254974,31-03-2023.geojson,"[78.76019366323104, 18.425667296980095]",
Sangareddy,TSD0017,4460.37,0.21165858209133148,0.28809893131256104,0.2537393115815662,1176.0,298.3974304199219,0.25233927369117737,31-03-2023.geojson,"[77.8743389606641, 17.7860620089045]",
Siddipet,TSD0018,3637.17,0.21602147817611694,0.2841249704360962,0.24553245016910957,969.0,237.9209442138672,0.24532267451286316,31-03-2023.geojson,"[78.84824565922057, 18.009624641220498]",
Vikarabad,TSD0019,3618.96,0.17155981063842773,0.2629946172237396,0.21577016495751025,946.0,204.1185760498047,0.21713317930698395,31-03-2023.geojson,"[77.74593740335436, 17.25474880524307]",
Wanaparthy,TSD0020,2174.67,0.18145404756069183,0.2076229453086853,0.1976628746126245,571.0,112.8655014038086,0.19795912504196167,31-03-2023.geojson,"[78.03702611426529, 16.293469013815827]",
Warangal Rural,TSD0021,2139.98,0.24508260190486908,0.27175408601760864,0.25749297400907123,571.0,147.0284881591797,0.2580913305282593,31-03-2023.geojson,"[79.7502031232394, 17.923738139779893]",
Warangal Urban,TSD0022,1294.45,0.23517058789730072,0.26601043343544006,0.2468832576976103,340.0,83.9403076171875,0.24496755003929138,31-03-2023.geojson,"[79.47837226395748, 18.02463739511114]",
Yadadri Bhuvanagiri,TSD0023,3422.72,0.16680003702640533,0.2459314465522766,0.20089958775189026,901.0,181.01052856445312,0.2010403722524643,31-03-2023.geojson,"[78.99514545853893, 17.45604943922443]",
Narayanpet,TSD0024,2380.13,0.16170918941497803,0.2129536271095276,0.18397208555630498,611.0,112.40694427490234,0.18293412029743195,31-03-2023.geojson,"[77.58109853968095, 16.64806882624636]",
Jogulamba Gadwal,TSD0025,2574.21,0.16414949297904968,0.2076229453086853,0.1849939217244772,665.0,123.02095794677734,0.18295910954475403,31-03-2023.geojson,"[77.78100589186505, 16.07197293220882]",
Rangareddy,TSD0026,4997.54,0.1572917252779007,0.24383287131786346,0.19154346350467566,1320.0,252.83737182617188,0.18301638960838318,31-03-2023.geojson,"[78.41195074939806, 17.132164589550737]",
Suryapet,TSD0027,3584.22,0.23083680868148804,0.2872878909111023,0.26592339770066753,941.0,250.23391723632812,0.2659655809402466,31-03-2023.geojson,"[79.75491488779194, 17.080574047365182]",
Medchal Malkajgiri,TSD0028,1088.52,0.0,0.23988334834575653,0.21009120676252577,288.0,60.50626754760742,0.22002577781677246,31-03-2023.geojson,"[78.55767227540055, 17.543524002760133]",
Adilabad,TSD0029,3980.34,0.17218348383903503,0.26659488677978516,0.198299382307802,1041.0,206.42965698242188,0.19290977716445923,31-03-2023.geojson,"[78.56516888256076, 19.520583182394112]",
Hyderabad,TSD0030,182.64,0.0,0.21789716184139252,0.12108648816744487,48.0,5.8121514320373535,0.19268150627613068,31-03-2023.geojson,"[78.46696611965449, 17.39599799813276]",
Kumurambheem Asifabad,TSD0031,4495.32,0.17599689960479736,0.2531197667121887,0.20622150143592693,1182.0,243.75381469726562,0.20457428693771362,31-03-2023.geojson,"[79.41516675337719, 19.359212805741603]",
Jayashankar Bhupalpally,TSD0032,2946.01,0.23065638542175293,0.2906041145324707,0.2552845490284455,780.0,199.1219482421875,0.25006699562072754,31-03-2023.geojson,"[79.92787070175133, 18.50206900623134]",
Mahabubnagar,TSD0033,2749.62,0.17697171866893768,0.21106988191604614,0.19887196126076653,722.0,143.58555603027344,0.20156215131282806,31-03-2023.geojson,"[77.99005585064445, 16.756204506499706]",
Bhadradri Kothagudem,TSD0001,6974.14,0.16798630356788635,0.28645551204681396,0.20055854692851027,1825.0,366.01934814453125,0.19967761635780334,31-05-2023.geojson,"[80.70439006278075, 17.689273994357553]",
Jagtial,TSD0002,2853.09,0.2029351145029068,0.24064341187477112,0.21613722426281126,758.0,163.83201599121094,0.21457718312740326,31-05-2023.geojson,"[78.87574330838751, 18.8338023749505]",
Jangoan,TSD0003,2112.71,0.17079168558120728,0.2023654729127884,0.1884905929428947,559.0,105.36624145507812,0.19043870270252228,31-05-2023.geojson,"[79.27607800489348, 17.750740986831726]",
Mulugu,TSD0004,4189.02,0.18556976318359375,0.23937131464481354,0.20387638892063034,1111.0,226.5066680908203,0.20390424132347107,31-05-2023.geojson,"[80.33786772661823, 18.29047147518736]",
Kamareddy,TSD0005,3701.83,0.19317486882209778,0.24747833609580994,0.2256013368510907,977.0,220.41250610351562,0.22563910484313965,31-05-2023.geojson,"[78.06329890793397, 18.326243692893655]",
Karimnagar,TSD0006,2127.79,0.18745286762714386,0.2349504828453064,0.21338750467317474,559.0,119.28361511230469,0.21236270666122437,31-05-2023.geojson,"[79.23853687837321, 18.380183921305157]",
Khammam,TSD0007,4491.25,0.16798630356788635,0.22671568393707275,0.20511090508822738,1160.0,237.92864990234375,0.2082943320274353,31-05-2023.geojson,"[80.35668821773643, 17.199094525973987]",
Mahabubabad,TSD0008,3551.04,0.16763031482696533,0.22718074917793274,0.1950871343909097,933.0,182.01629638671875,0.1960698664188385,31-05-2023.geojson,"[79.9868218423423, 17.665218729780197]",
Mancherial,TSD0009,3909.4,0.1650218963623047,0.25676554441452026,0.20029851820008557,1041.0,208.51075744628906,0.1890288144350052,31-05-2023.geojson,"[79.51701293789398, 18.993531032765564]",
Medak,TSD0010,2771.68,0.18473798036575317,0.25224602222442627,0.2081666224211165,721.0,150.088134765625,0.19977429509162903,31-05-2023.geojson,"[78.25824850555264, 17.956574082577863]",
Nagarkurnool,TSD0011,6399.07,0.1383252888917923,0.29026761651039124,0.18176345871744395,1639.0,297.9103088378906,0.16659045219421387,31-05-2023.geojson,"[78.58857647281062, 16.389142237051235]",
Nalgonda,TSD0012,7218.26,0.14494596421718597,0.23215177655220032,0.18431588632089121,1890.0,348.3570251464844,0.18361897766590118,31-05-2023.geojson,"[79.19301472034303, 16.87692074824761]",
Nirmal,TSD0013,3729.13,0.20950427651405334,0.24903184175491333,0.23035174542070036,991.0,228.27857971191406,0.23015426099300385,31-05-2023.geojson,"[78.31699355816836, 19.114130687608668]",
Nizamabad,TSD0014,4168.33,0.20558322966098785,0.24903184175491333,0.22743384476470255,1101.0,250.4046630859375,0.2294391691684723,31-05-2023.geojson,"[78.20482550088794, 18.70265275287659]",
Peddapalli,TSD0015,2195.39,0.17835336923599243,0.2274712473154068,0.20723847589132302,582.0,120.61279296875,0.21265125274658203,31-05-2023.geojson,"[79.45523488442778, 18.62087616434993]",
Rajanna Sircilla,TSD0016,1897.97,0.19653037190437317,0.2349504828453064,0.21540787106468565,504.0,108.56556701660156,0.21552924811840057,31-05-2023.geojson,"[78.76019366323104, 18.425667296980095]",
Sangareddy,TSD0017,4460.37,0.19167636334896088,0.2538853883743286,0.23080553327287948,1176.0,271.42730712890625,0.2349565476179123,31-05-2023.geojson,"[77.8743389606641, 17.7860620089045]",
Siddipet,TSD0018,3637.17,0.17121240496635437,0.22404347360134125,0.18796617254015094,969.0,182.13922119140625,0.18743327260017395,31-05-2023.geojson,"[78.84824565922057, 18.009624641220498]",
Vikarabad,TSD0019,3618.96,0.14287833869457245,0.23442299664020538,0.18476003118599696,946.0,174.78298950195312,0.18544378876686096,31-05-2023.geojson,"[77.74593740335436, 17.25474880524307]",
Wanaparthy,TSD0020,2174.67,0.15340957045555115,0.1908978372812271,0.17016251492208023,571.0,97.16279602050781,0.169823557138443,31-05-2023.geojson,"[78.03702611426529, 16.293469013815827]",
Warangal Rural,TSD0021,2139.98,0.18458302319049835,0.2059578001499176,0.1976736305891528,571.0,112.87164306640625,0.1984710544347763,31-05-2023.geojson,"[79.7502031232394, 17.923738139779893]",
Warangal Urban,TSD0022,1294.45,0.1860455572605133,0.20747216045856476,0.19909887874827664,340.0,67.69361877441406,0.19992172718048096,31-05-2023.geojson,"[79.47837226395748, 18.02463739511114]",
Yadadri Bhuvanagiri,TSD0023,3422.72,0.15400415658950806,0.2004900574684143,0.1766275793280903,901.0,159.14144897460938,0.176352858543396,31-05-2023.geojson,"[78.99514545853893, 17.45604943922443]",
Narayanpet,TSD0024,2380.13,0.1355285346508026,0.1923447847366333,0.15704956304422182,611.0,95.95728302001953,0.15393337607383728,31-05-2023.geojson,"[77.58109853968095, 16.64806882624636]",
Jogulamba Gadwal,TSD0025,2574.21,0.17023620009422302,0.19254113733768463,0.18358826601415648,665.0,122.08619689941406,0.18343429267406464,31-05-2023.geojson,"[77.78100589186505, 16.07197293220882]",
Rangareddy,TSD0026,4997.54,0.1383252888917923,0.21321725845336914,0.16527997797185726,1320.0,218.16957092285156,0.160470113158226,31-05-2023.geojson,"[78.41195074939806, 17.132164589550737]",
Suryapet,TSD0027,3584.22,0.184275284409523,0.23755401372909546,0.20240276146137753,941.0,190.46099853515625,0.19737452268600464,31-05-2023.geojson,"[79.75491488779194, 17.080574047365182]",
Medchal Malkajgiri,TSD0028,1088.52,0.0,0.21182416379451752,0.18573329183790419,288.0,53.491188049316406,0.1933727115392685,31-05-2023.geojson,"[78.55767227540055, 17.543524002760133]",
Adilabad,TSD0029,3980.34,0.21109016239643097,0.2486179769039154,0.22740177737189302,1041.0,236.72525024414062,0.22674940526485443,31-05-2023.geojson,"[78.56516888256076, 19.520583182394112]",
Hyderabad,TSD0030,182.64,0.0,0.20595818758010864,0.1145022710164388,48.0,5.4961090087890625,0.18151593208312988,31-05-2023.geojson,"[78.46696611965449, 17.39599799813276]",
Kumurambheem Asifabad,TSD0031,4495.32,0.16521069407463074,0.25676554441452026,0.210188941503741,1182.0,248.44332885742188,0.20432664453983307,31-05-2023.geojson,"[79.41516675337719, 19.359212805741603]",
Jayashankar Bhupalpally,TSD0032,2946.01,0.17835336923599243,0.2199329137802124,0.19219888540414665,780.0,149.91513061523438,0.18785585463047028,31-05-2023.geojson,"[79.92787070175133, 18.50206900623134]",
Mahabubnagar,TSD0033,2749.62,0.1355285346508026,0.18095791339874268,0.15002208931624395,722.0,108.31594848632812,0.14758317172527313,31-05-2023.geojson,"[77.99005585064445, 16.756204506499706]",
Bhadradri Kothagudem,TSD0001,6974.14,0.3388141095638275,0.46177899837493896,0.39576248796018837,1825.0,722.2665405273438,0.39726218581199646,31-07-2023.geojson,"[80.70439006278075, 17.689273994357553]",
Jagtial,TSD0002,2853.09,0.39443135261535645,0.42364126443862915,0.40422492920566044,758.0,306.4024963378906,0.403897762298584,31-07-2023.geojson,"[78.87574330838751, 18.8338023749505]",
Jangoan,TSD0003,2112.71,0.38401684165000916,0.3992924690246582,0.39213884111380537,559.0,219.2056121826172,0.3930351436138153,31-07-2023.geojson,"[79.27607800489348, 17.750740986831726]",
Mulugu,TSD0004,4189.02,0.3952998220920563,0.46161097288131714,0.42282546736118926,1111.0,469.75909423828125,0.42448800802230835,31-07-2023.geojson,"[80.33786772661823, 18.29047147518736]",
Kamareddy,TSD0005,3701.83,0.37658217549324036,0.4254295825958252,0.4028818214439931,977.0,393.61553955078125,0.40089601278305054,31-07-2023.geojson,"[78.06329890793397, 18.326243692893655]",
Karimnagar,TSD0006,2127.79,0.3961326777935028,0.4163929522037506,0.4052643750349396,559.0,226.54278564453125,0.4041092097759247,31-07-2023.geojson,"[79.23853687837321, 18.380183921305157]",
Khammam,TSD0007,4491.25,0.33211764693260193,0.40599215030670166,0.36339758511247305,1160.0,421.54119873046875,0.36004412174224854,31-07-2023.geojson,"[80.35668821773643, 17.199094525973987]",
Mahabubabad,TSD0008,3551.04,0.3484058380126953,0.4239054024219513,0.3898863961075663,933.0,363.7640075683594,0.39396771788597107,31-07-2023.geojson,"[79.9868218423423, 17.665218729780197]",
Mancherial,TSD0009,3909.4,0.36470893025398254,0.43697479367256165,0.4084601645052834,1041.0,425.20703125,0.41357457637786865,31-07-2023.geojson,"[79.51701293789398, 18.993531032765564]",
Medak,TSD0010,2771.68,0.3737380802631378,0.40089601278305054,0.38963417338928136,721.0,280.9262390136719,0.38882917165756226,31-07-2023.geojson,"[78.25824850555264, 17.956574082577863]",
Nagarkurnool,TSD0011,6399.07,0.19080011546611786,0.3808237612247467,0.25072184592358143,1639.0,410.93310546875,0.24164772033691406,31-07-2023.geojson,"[78.58857647281062, 16.389142237051235]",
Nalgonda,TSD0012,7218.26,0.19022564589977264,0.40973764657974243,0.30905787553736774,1890.0,584.119384765625,0.30648669600486755,31-07-2023.geojson,"[79.19301472034303, 16.87692074824761]",
Nirmal,TSD0013,3729.13,0.3809565603733063,0.4377461075782776,0.4067958058069501,991.0,403.1346435546875,0.4085078239440918,31-07-2023.geojson,"[78.31699355816836, 19.114130687608668]",
Nizamabad,TSD0014,4168.33,0.39443135261535645,0.4377461075782776,0.41210272266689374,1101.0,453.72509765625,0.4131842851638794,31-07-2023.geojson,"[78.20482550088794, 18.70265275287659]",
Peddapalli,TSD0015,2195.39,0.4028119742870331,0.4247128367424011,0.41321010524054985,582.0,240.48828125,0.41189679503440857,31-07-2023.geojson,"[79.45523488442778, 18.62087616434993]",
Rajanna Sircilla,TSD0016,1897.97,0.39645901322364807,0.41727280616760254,0.40406917390369235,504.0,203.65086364746094,0.4028082489967346,31-07-2023.geojson,"[78.76019366323104, 18.425667296980095]",
Sangareddy,TSD0017,4460.37,0.33671629428863525,0.39900070428848267,0.3757106236049107,1176.0,441.835693359375,0.3764578700065613,31-07-2023.geojson,"[77.8743389606641, 17.7860620089045]",
Siddipet,TSD0018,3637.17,0.35814356803894043,0.4032747447490692,0.3909534812588687,969.0,378.83392333984375,0.39395472407341003,31-07-2023.geojson,"[78.84824565922057, 18.009624641220498]",
Vikarabad,TSD0019,3618.96,0.32935184240341187,0.37745270133018494,0.3554327482904995,946.0,336.2393798828125,0.3562573492527008,31-07-2023.geojson,"[77.74593740335436, 17.25474880524307]",
Wanaparthy,TSD0020,2174.67,0.2666972279548645,0.3154982328414917,0.2870551274662051,571.0,163.90847778320312,0.2841567397117615,31-07-2023.geojson,"[78.03702611426529, 16.293469013815827]",
Warangal Rural,TSD0021,2139.98,0.3894166350364685,0.41376298666000366,0.4013546277261657,571.0,229.17349243164062,0.40118733048439026,31-07-2023.geojson,"[79.7502031232394, 17.923738139779893]",
Warangal Urban,TSD0022,1294.45,0.38714802265167236,0.40951070189476013,0.39937286376953124,340.0,135.78677368164062,0.40031710267066956,31-07-2023.geojson,"[79.47837226395748, 18.02463739511114]",
Yadadri Bhuvanagiri,TSD0023,3422.72,0.2852025628089905,0.40854310989379883,0.3770129746787424,901.0,339.6886901855469,0.38714665174484253,31-07-2023.geojson,"[78.99514545853893, 17.45604943922443]",
Narayanpet,TSD0024,2380.13,0.30587077140808105,0.3435775637626648,0.31737207390867944,611.0,193.91433715820312,0.31470218300819397,31-07-2023.geojson,"[77.58109853968095, 16.64806882624636]",
Jogulamba Gadwal,TSD0025,2574.21,0.27312326431274414,0.31334397196769714,0.2849295938821664,665.0,189.47817993164062,0.2822592854499817,31-07-2023.geojson,"[77.78100589186505, 16.07197293220882]",
Rangareddy,TSD0026,4997.54,0.21991737186908722,0.35515958070755005,0.29868103952118846,1320.0,394.25897216796875,0.3023681640625,31-07-2023.geojson,"[78.41195074939806, 17.132164589550737]",
Suryapet,TSD0027,3584.22,0.3024745285511017,0.40705618262290955,0.36102223573658343,941.0,339.721923828125,0.360437273979187,31-07-2023.geojson,"[79.75491488779194, 17.080574047365182]",
Medchal Malkajgiri,TSD0028,1088.52,0.0,0.3802172839641571,0.3337877591451009,288.0,96.13087463378906,0.34561485052108765,31-07-2023.geojson,"[78.55767227540055, 17.543524002760133]",
Adilabad,TSD0029,3980.34,0.36375731229782104,0.4319157004356384,0.40168033713451606,1041.0,418.14923095703125,0.40257373452186584,31-07-2023.geojson,"[78.56516888256076, 19.520583182394112]",
Hyderabad,TSD0030,182.64,0.0,0.336637020111084,0.19502381483713785,48.0,9.361143112182617,0.3161677122116089,31-07-2023.geojson,"[78.46696611965449, 17.39599799813276]",
Kumurambheem Asifabad,TSD0031,4495.32,0.36470893025398254,0.43697479367256165,0.40540784910043887,1182.0,479.19207763671875,0.405954509973526,31-07-2023.geojson,"[79.41516675337719, 19.359212805741603]",
Jayashankar Bhupalpally,TSD0032,2946.01,0.3986344635486603,0.44472622871398926,0.41824806409004406,780.0,326.2334899902344,0.41585198044776917,31-07-2023.geojson,"[79.92787070175133, 18.50206900623134]",
Mahabubnagar,TSD0033,2749.62,0.24716302752494812,0.33993229269981384,0.3097692896454618,722.0,223.65342712402344,0.31065380573272705,31-07-2023.geojson,"[77.99005585064445, 16.756204506499706]",
Bhadradri Kothagudem,TSD0001,6974.14,0.3149043917655945,0.4710262417793274,0.3841051075556507,1825.0,700.9918212890625,0.3802926242351532,31-08-2023.geojson,"[80.70439006278075, 17.689273994357553]",
Jagtial,TSD0002,2853.09,0.405046284198761,0.4382537305355072,0.41525526222893305,758.0,314.76348876953125,0.41560226678848267,31-08-2023.geojson,"[78.87574330838751, 18.8338023749505]",
Jangoan,TSD0003,2112.71,0.35835856199264526,0.41350871324539185,0.39789896574344535,559.0,222.42552185058594,0.3996310830116272,31-08-2023.geojson,"[79.27607800489348, 17.750740986831726]",
Mulugu,TSD0004,4189.02,0.39353159070014954,0.45827949047088623,0.4235614052127869,1111.0,470.57672119140625,0.4233728051185608,31-08-2023.geojson,"[80.33786772661823, 18.29047147518736]",
Kamareddy,TSD0005,3701.83,0.3027849793434143,0.4134214520454407,0.3861822091203141,977.0,377.3000183105469,0.4000568091869354,31-08-2023.geojson,"[78.06329890793397, 18.326243692893655]",
Karimnagar,TSD0006,2127.79,0.3988971412181854,0.4266103208065033,0.41207915768427156,559.0,230.3522491455078,0.41042864322662354,31-08-2023.geojson,"[79.23853687837321, 18.380183921305157]",
Khammam,TSD0007,4491.25,0.32626456022262573,0.42360103130340576,0.383434874435951,1160.0,444.7844543457031,0.3788731098175049,31-08-2023.geojson,"[80.35668821773643, 17.199094525973987]",
Mahabubabad,TSD0008,3551.04,0.34675562381744385,0.44509977102279663,0.4148923295359392,933.0,387.09454345703125,0.4206297993659973,31-08-2023.geojson,"[79.9868218423423, 17.665218729780197]",
Mancherial,TSD0009,3909.4,0.32398882508277893,0.44380152225494385,0.4030620710535993,1041.0,419.5876159667969,0.4100000858306885,31-08-2023.geojson,"[79.51701293789398, 18.993531032765564]",
Medak,TSD0010,2771.68,0.37886226177215576,0.4063117206096649,0.39738314095548716,721.0,286.51324462890625,0.39689284563064575,31-08-2023.geojson,"[78.25824850555264, 17.956574082577863]",
Nagarkurnool,TSD0011,6399.07,0.15108874440193176,0.35789576172828674,0.23778995236948977,1639.0,389.73773193359375,0.2210148423910141,31-08-2023.geojson,"[78.58857647281062, 16.389142237051235]",
Nalgonda,TSD0012,7218.26,0.16461335122585297,0.4398997724056244,0.3101316421750992,1890.0,586.1488037109375,0.32066208124160767,31-08-2023.geojson,"[79.19301472034303, 16.87692074824761]",
Nirmal,TSD0013,3729.13,0.34375232458114624,0.4464714527130127,0.40718748398674004,991.0,403.5227966308594,0.4150143265724182,31-08-2023.geojson,"[78.31699355816836, 19.114130687608668]",
Nizamabad,TSD0014,4168.33,0.35701698064804077,0.4464714527130127,0.40899782934370743,1101.0,450.3066101074219,0.4089019298553467,31-08-2023.geojson,"[78.20482550088794, 18.70265275287659]",
Peddapalli,TSD0015,2195.39,0.40618258714675903,0.42775896191596985,0.41923774640584727,582.0,243.99636840820312,0.4203490912914276,31-08-2023.geojson,"[79.45523488442778, 18.62087616434993]",
Rajanna Sircilla,TSD0016,1897.97,0.3974775969982147,0.4158685505390167,0.40337244669596356,504.0,203.29971313476562,0.40089619159698486,31-08-2023.geojson,"[78.76019366323104, 18.425667296980095]",
Sangareddy,TSD0017,4460.37,0.2846308648586273,0.4037475883960724,0.35286445358172563,1176.0,414.9685974121094,0.3592701256275177,31-08-2023.geojson,"[77.8743389606641, 17.7860620089045]",
Siddipet,TSD0018,3637.17,0.38195815682411194,0.40903979539871216,0.4008405466935952,969.0,388.41448974609375,0.40069684386253357,31-08-2023.geojson,"[78.84824565922057, 18.009624641220498]",
Vikarabad,TSD0019,3618.96,0.26919442415237427,0.36431917548179626,0.31943574869103464,946.0,302.18621826171875,0.3218584656715393,31-08-2023.geojson,"[77.74593740335436, 17.25474880524307]",
Wanaparthy,TSD0020,2174.67,0.28400883078575134,0.3642651438713074,0.3356310949642896,571.0,191.64535522460938,0.3364352881908417,31-08-2023.geojson,"[78.03702611426529, 16.293469013815827]",
Warangal Rural,TSD0021,2139.98,0.4058663845062256,0.43758082389831543,0.42296981143450363,571.0,241.51576232910156,0.42475417256355286,31-08-2023.geojson,"[79.7502031232394, 17.923738139779893]",
Warangal Urban,TSD0022,1294.45,0.39651304483413696,0.43460631370544434,0.41518325805664064,340.0,141.1623077392578,0.41350871324539185,31-08-2023.geojson,"[79.47837226395748, 18.02463739511114]",
Yadadri Bhuvanagiri,TSD0023,3422.72,0.2466849386692047,0.401779443025589,0.34228099014333035,901.0,308.3951721191406,0.3403838872909546,31-08-2023.geojson,"[78.99514545853893, 17.45604943922443]",
Narayanpet,TSD0024,2380.13,0.270892471075058,0.37475642561912537,0.3178912723122954,611.0,194.2315673828125,0.32277432084083557,31-08-2023.geojson,"[77.58109853968095, 16.64806882624636]",
Jogulamba Gadwal,TSD0025,2574.21,0.21043039858341217,0.33298999071121216,0.26958521792763157,665.0,179.274169921875,0.26889029145240784,31-08-2023.geojson,"[77.78100589186505, 16.07197293220882]",
Rangareddy,TSD0026,4997.54,0.1803778111934662,0.35017651319503784,0.2648923006924716,1320.0,349.6578369140625,0.2549517750740051,31-08-2023.geojson,"[78.41195074939806, 17.132164589550737]",
Suryapet,TSD0027,3584.22,0.32309195399284363,0.4447052478790283,0.4148221314903527,941.0,390.3476257324219,0.41958215832710266,31-08-2023.geojson,"[79.75491488779194, 17.080574047365182]",
Medchal Malkajgiri,TSD0028,1088.52,0.0,0.4000604748725891,0.31895017623901367,288.0,91.85765075683594,0.3274608254432678,31-08-2023.geojson,"[78.55767227540055, 17.543524002760133]",
Adilabad,TSD0029,3980.34,0.3311860263347626,0.42986011505126953,0.36868042813025337,1041.0,383.79632568359375,0.362519770860672,31-08-2023.geojson,"[78.56516888256076, 19.520583182394112]",
Hyderabad,TSD0030,182.64,0.0,0.3006562888622284,0.16631520787874857,48.0,7.983129978179932,0.26390957832336426,31-08-2023.geojson,"[78.46696611965449, 17.39599799813276]",
Kumurambheem Asifabad,TSD0031,4495.32,0.3198004364967346,0.44380152225494385,0.36928742952556576,1182.0,436.49774169921875,0.36933010816574097,31-08-2023.geojson,"[79.41516675337719, 19.359212805741603]",
Jayashankar Bhupalpally,TSD0032,2946.01,0.39938685297966003,0.45439720153808594,0.42019101656400243,780.0,327.7489929199219,0.4168301820755005,31-08-2023.geojson,"[79.92787070175133, 18.50206900623134]",
Mahabubnagar,TSD0033,2749.62,0.24465316534042358,0.3812130093574524,0.3424836684462106,722.0,247.27320861816406,0.35627681016921997,31-08-2023.geojson,"[77.99005585064445, 16.756204506499706]",
Bhadradri Kothagudem,TSD0001,6974.14,0.17277057468891144,0.29946038126945496,0.21879319282427226,1825.0,399.2975769042969,0.21217191219329834,31-10-2023.geojson,"[80.70439006278075, 17.689273994357553]",
Jagtial,TSD0002,2853.09,0.21259157359600067,0.28321439027786255,0.23109423956959102,758.0,175.16943359375,0.228257417678833,31-10-2023.geojson,"[78.87574330838751, 18.8338023749505]",
Jangoan,TSD0003,2112.71,0.1859872043132782,0.22041061520576477,0.2043269503735046,559.0,114.21876525878906,0.2046336680650711,31-10-2023.geojson,"[79.27607800489348, 17.750740986831726]",
Mulugu,TSD0004,4189.02,0.22937726974487305,0.29283517599105835,0.25906328120605027,1111.0,287.8193054199219,0.25790220499038696,31-10-2023.geojson,"[80.33786772661823, 18.29047147518736]",
Kamareddy,TSD0005,3701.83,0.2112770527601242,0.2719530463218689,0.23587754560956692,977.0,230.45236206054688,0.237852543592453,31-10-2023.geojson,"[78.06329890793397, 18.326243692893655]",
Karimnagar,TSD0006,2127.79,0.2104628086090088,0.23868009448051453,0.22576722774607977,559.0,126.2038803100586,0.22645601630210876,31-10-2023.geojson,"[79.23853687837321, 18.380183921305157]",
Khammam,TSD0007,4491.25,0.17998306453227997,0.2415936142206192,0.20469704989729257,1160.0,237.44857788085938,0.2041923552751541,31-10-2023.geojson,"[80.35668821773643, 17.199094525973987]",
Mahabubabad,TSD0008,3551.04,0.1879192739725113,0.2553163170814514,0.22207173861619106,933.0,207.19293212890625,0.2159738540649414,31-10-2023.geojson,"[79.9868218423423, 17.665218729780197]",
Mancherial,TSD0009,3909.4,0.22783131897449493,0.29853498935699463,0.25368292347727545,1041.0,264.08392333984375,0.2480088621377945,31-10-2023.geojson,"[79.51701293789398, 18.993531032765564]",
Medak,TSD0010,2771.68,0.21419960260391235,0.29641684889793396,0.23757299669241938,721.0,171.29013061523438,0.22901904582977295,31-10-2023.geojson,"[78.25824850555264, 17.956574082577863]",
Nagarkurnool,TSD0011,6399.07,0.13401727378368378,0.29730263352394104,0.19646393809106164,1639.0,322.00439453125,0.1903369128704071,31-10-2023.geojson,"[78.58857647281062, 16.389142237051235]",
Nalgonda,TSD0012,7218.26,0.12698939442634583,0.24024233222007751,0.17922989779679233,1890.0,338.7445068359375,0.17383486032485962,31-10-2023.geojson,"[79.19301472034303, 16.87692074824761]",
Nirmal,TSD0013,3729.13,0.24352264404296875,0.3377947509288788,0.2920754564518164,991.0,289.44677734375,0.289861798286438,31-10-2023.geojson,"[78.31699355816836, 19.114130687608668]",
Nizamabad,TSD0014,4168.33,0.2112770527601242,0.3172524571418762,0.2524833713846787,1101.0,277.98419189453125,0.24245129525661469,31-10-2023.geojson,"[78.20482550088794, 18.70265275287659]",
Peddapalli,TSD0015,2195.39,0.2137739509344101,0.2536877393722534,0.22842438687983246,582.0,132.9429931640625,0.22725357115268707,31-10-2023.geojson,"[79.45523488442778, 18.62087616434993]",
Rajanna Sircilla,TSD0016,1897.97,0.2112770527601242,0.23868009448051453,0.22436732337588355,504.0,113.08113098144531,0.22458362579345703,31-10-2023.geojson,"[78.76019366323104, 18.425667296980095]",
Sangareddy,TSD0017,4460.37,0.2081664353609085,0.3083745837211609,0.2728378918706154,1176.0,320.85736083984375,0.27932894229888916,31-10-2023.geojson,"[77.8743389606641, 17.7860620089045]",
Siddipet,TSD0018,3637.17,0.20248205959796906,0.2347482144832611,0.21407942481577336,969.0,207.44296264648438,0.21555189788341522,31-10-2023.geojson,"[78.84824565922057, 18.009624641220498]",
Vikarabad,TSD0019,3618.96,0.18903149664402008,0.30182671546936035,0.24095502212234077,946.0,227.94345092773438,0.2409439980983734,31-10-2023.geojson,"[77.74593740335436, 17.25474880524307]",
Wanaparthy,TSD0020,2174.67,0.1861550509929657,0.2443515956401825,0.19540004429591726,571.0,111.57342529296875,0.19181707501411438,31-10-2023.geojson,"[78.03702611426529, 16.293469013815827]",
Warangal Rural,TSD0021,2139.98,0.21501824259757996,0.2608007490634918,0.2327641421984457,571.0,132.9083251953125,0.2342778444290161,31-10-2023.geojson,"[79.7502031232394, 17.923738139779893]",
Warangal Urban,TSD0022,1294.45,0.2046336680650711,0.2370755672454834,0.21850307688993567,340.0,74.29104614257812,0.21857404708862305,31-10-2023.geojson,"[79.47837226395748, 18.02463739511114]",
Yadadri Bhuvanagiri,TSD0023,3422.72,0.13345548510551453,0.21538059413433075,0.1768888416353791,901.0,159.37684631347656,0.1781003624200821,31-10-2023.geojson,"[78.99514545853893, 17.45604943922443]",
Narayanpet,TSD0024,2380.13,0.17294293642044067,0.21200111508369446,0.1839252727901877,611.0,112.37834167480469,0.18250416219234467,31-10-2023.geojson,"[77.58109853968095, 16.64806882624636]",
Jogulamba Gadwal,TSD0025,2574.21,0.1642151027917862,0.23216937482357025,0.18742072313351738,665.0,124.63478088378906,0.18958958983421326,31-10-2023.geojson,"[77.78100589186505, 16.07197293220882]",
Rangareddy,TSD0026,4997.54,0.12698939442634583,0.2719977796077728,0.1708596200654001,1320.0,225.53469848632812,0.16320683062076569,31-10-2023.geojson,"[78.41195074939806, 17.132164589550737]",
Suryapet,TSD0027,3584.22,0.20091991126537323,0.24692445993423462,0.2150616215088669,941.0,202.37298583984375,0.21400073170661926,31-10-2023.geojson,"[79.75491488779194, 17.080574047365182]",
Medchal Malkajgiri,TSD0028,1088.52,0.0,0.2309228479862213,0.18891855080922446,288.0,54.40854263305664,0.19519920647144318,31-10-2023.geojson,"[78.55767227540055, 17.543524002760133]",
Adilabad,TSD0029,3980.34,0.26598262786865234,0.3377947509288788,0.2906631630962566,1041.0,302.5803527832031,0.28625816106796265,31-10-2023.geojson,"[78.56516888256076, 19.520583182394112]",
Hyderabad,TSD0030,182.64,0.0,0.2015431970357895,0.10753503441810608,48.0,5.161681652069092,0.1682054102420807,31-10-2023.geojson,"[78.46696611965449, 17.39599799813276]",
Kumurambheem Asifabad,TSD0031,4495.32,0.22783131897449493,0.29853498935699463,0.25966568122257033,1182.0,306.9248352050781,0.25955596566200256,31-10-2023.geojson,"[79.41516675337719, 19.359212805741603]",
Jayashankar Bhupalpally,TSD0032,2946.01,0.21437133848667145,0.2917531132698059,0.2586835225423177,780.0,201.7731475830078,0.2613721191883087,31-10-2023.geojson,"[79.92787070175133, 18.50206900623134]",
Mahabubnagar,TSD0033,2749.62,0.15266825258731842,0.20219680666923523,0.18602537118166768,722.0,134.31031799316406,0.188315749168396,31-10-2023.geojson,"[77.99005585064445, 16.756204506499706]",
Bhadradri Kothagudem,TSD0001,6974.14,0.14564856886863708,0.2590034008026123,0.17831596479023973,1825.0,325.4266357421875,0.17534460127353668,31-12-2023.geojson,"[80.70439006278075, 17.689273994357553]",
Jagtial,TSD0002,2853.09,0.24328014254570007,0.3371715247631073,0.2734114110941623,758.0,207.245849609375,0.26152703166007996,31-12-2023.geojson,"[78.87574330838751, 18.8338023749505]",
Jangoan,TSD0003,2112.71,0.21728916466236115,0.3443957269191742,0.257133524831591,559.0,143.73764038085938,0.24648363888263702,31-12-2023.geojson,"[79.27607800489348, 17.750740986831726]",
Mulugu,TSD0004,4189.02,0.15816183388233185,0.24700036644935608,0.20649900530824566,1111.0,229.42039489746094,0.21143421530723572,31-12-2023.geojson,"[80.33786772661823, 18.29047147518736]",
Kamareddy,TSD0005,3701.83,0.2313414365053177,0.3682607114315033,0.30675585462712707,977.0,299.7004699707031,0.3117660582065582,31-12-2023.geojson,"[78.06329890793397, 18.326243692893655]",
Karimnagar,TSD0006,2127.79,0.221094012260437,0.31189075112342834,0.2680266624273256,559.0,149.826904296875,0.26331719756126404,31-12-2023.geojson,"[79.23853687837321, 18.380183921305157]",
Khammam,TSD0007,4491.25,0.14771422743797302,0.27913910150527954,0.1918474920864763,1160.0,222.5430908203125,0.1822868138551712,31-12-2023.geojson,"[80.35668821773643, 17.199094525973987]",
Mahabubabad,TSD0008,3551.04,0.16239583492279053,0.31364983320236206,0.22242833308212753,933.0,207.525634765625,0.2181481420993805,31-12-2023.geojson,"[79.9868218423423, 17.665218729780197]",
Mancherial,TSD0009,3909.4,0.17248988151550293,0.2782750725746155,0.21235983607633885,1041.0,221.06658935546875,0.19688719511032104,31-12-2023.geojson,"[79.51701293789398, 18.993531032765564]",
Medak,TSD0010,2771.68,0.22968727350234985,0.35559266805648804,0.2787631348333478,721.0,200.98822021484375,0.2705024182796478,31-12-2023.geojson,"[78.25824850555264, 17.956574082577863]",
Nagarkurnool,TSD0011,6399.07,0.11099705845117569,0.23377087712287903,0.16540128883608526,1639.0,271.09271240234375,0.1656268984079361,31-12-2023.geojson,"[78.58857647281062, 16.389142237051235]",
Nalgonda,TSD0012,7218.26,0.11257392168045044,0.37076133489608765,0.24276986904245204,1890.0,458.8350524902344,0.24241337180137634,31-12-2023.geojson,"[79.19301472034303, 16.87692074824761]",
Nirmal,TSD0013,3729.13,0.24328014254570007,0.39614009857177734,0.32941985683652875,991.0,326.455078125,0.3319973945617676,31-12-2023.geojson,"[78.31699355816836, 19.114130687608668]",
Nizamabad,TSD0014,4168.33,0.27924925088882446,0.38686609268188477,0.3447755125844403,1101.0,379.59783935546875,0.34193161129951477,31-12-2023.geojson,"[78.20482550088794, 18.70265275287659]",
Peddapalli,TSD0015,2195.39,0.19411219656467438,0.27573031187057495,0.23697109156867482,582.0,137.91717529296875,0.23659560084342957,31-12-2023.geojson,"[79.45523488442778, 18.62087616434993]",
Rajanna Sircilla,TSD0016,1897.97,0.2336748242378235,0.3379817306995392,0.29737835838681176,504.0,149.87869262695312,0.3013506233692169,31-12-2023.geojson,"[78.76019366323104, 18.425667296980095]",
Sangareddy,TSD0017,4460.37,0.2015940397977829,0.35559266805648804,0.29285757882254465,1176.0,344.4005126953125,0.30376118421554565,31-12-2023.geojson,"[77.8743389606641, 17.7860620089045]",
Siddipet,TSD0018,3637.17,0.18618205189704895,0.29464036226272583,0.24657516558226908,969.0,238.93133544921875,0.24226167798042297,31-12-2023.geojson,"[78.84824565922057, 18.009624641220498]",
Vikarabad,TSD0019,3618.96,0.1430080085992813,0.30376118421554565,0.19385672119656777,946.0,183.38845825195312,0.1880435198545456,31-12-2023.geojson,"[77.74593740335436, 17.25474880524307]",
Wanaparthy,TSD0020,2174.67,0.15645554661750793,0.20480631291866302,0.17843953949348731,571.0,101.88897705078125,0.17948435246944427,31-12-2023.geojson,"[78.03702611426529, 16.293469013815827]",
Warangal Rural,TSD0021,2139.98,0.21390461921691895,0.27418720722198486,0.23899451153917195,571.0,136.4658660888672,0.23915311694145203,31-12-2023.geojson,"[79.7502031232394, 17.923738139779893]",
Warangal Urban,TSD0022,1294.45,0.20961494743824005,0.2631984353065491,0.23770195456112134,340.0,80.81866455078125,0.2423989474773407,31-12-2023.geojson,"[79.47837226395748, 18.02463739511114]",
Yadadri Bhuvanagiri,TSD0023,3422.72,0.15395107865333557,0.3473546504974365,0.24544705508419465,901.0,221.14779663085938,0.23140737414360046,31-12-2023.geojson,"[78.99514545853893, 17.45604943922443]",
Narayanpet,TSD0024,2380.13,0.1423366218805313,0.18150043487548828,0.15820737048959185,611.0,96.66470336914062,0.15649563074111938,31-12-2023.geojson,"[77.58109853968095, 16.64806882624636]",
Jogulamba Gadwal,TSD0025,2574.21,0.15306970477104187,0.2012774497270584,0.18348919861298754,665.0,122.02031707763672,0.19043397903442383,31-12-2023.geojson,"[77.78100589186505, 16.07197293220882]",
Rangareddy,TSD0026,4997.54,0.11099705845117569,0.2379113882780075,0.15579719543457032,1320.0,205.6522979736328,0.15452168881893158,31-12-2023.geojson,"[78.41195074939806, 17.132164589550737]",
Suryapet,TSD0027,3584.22,0.23921622335910797,0.3473546504974365,0.2920854590777763,941.0,274.8524169921875,0.2910431921482086,31-12-2023.geojson,"[79.75491488779194, 17.080574047365182]",
Medchal Malkajgiri,TSD0028,1088.52,0.0,0.25430309772491455,0.1878224081463284,288.0,54.09285354614258,0.18677747249603271,31-12-2023.geojson,"[78.55767227540055, 17.543524002760133]",
Adilabad,TSD0029,3980.34,0.26022884249687195,0.39089494943618774,0.30953894476840177,1041.0,322.23004150390625,0.3103591203689575,31-12-2023.geojson,"[78.56516888256076, 19.520583182394112]",
Hyderabad,TSD0030,182.64,0.0,0.18763765692710876,0.10571842392285664,48.0,5.074484348297119,0.16862185299396515,31-12-2023.geojson,"[78.46696611965449, 17.39599799813276]",
Kumurambheem Asifabad,TSD0031,4495.32,0.17248988151550293,0.2913644313812256,0.22323820110908418,1182.0,263.8675537109375,0.2105150669813156,31-12-2023.geojson,"[79.41516675337719, 19.359212805741603]",
Jayashankar Bhupalpally,TSD0032,2946.01,0.1770370751619339,0.24485905468463898,0.215897701948117,780.0,168.40020751953125,0.21810856461524963,31-12-2023.geojson,"[79.92787070175133, 18.50206900623134]",
Mahabubnagar,TSD0033,2749.62,0.12633052468299866,0.19138768315315247,0.15974274104321762,722.0,115.33425903320312,0.1613723337650299,31-12-2023.geojson,"[77.99005585064445, 16.756204506499706]",
,,,,,,,,,28-02-2023.tif,,"(77.25511443427885, 15.846281611868363, 81.31549951849908, 19.9066666960886)"
,,,,,,,,,30-04-2023.tif,,"(77.25511443427885, 15.846281611868363, 81.31549951849908, 19.9066666960886)"
,,,,,,,,,30-06-2023.tif,,"(77.25511443427885, 15.846281611868363, 81.31549951849908, 19.9066666960886)"
,,,,,,,,,30-09-2023.tif,,"(77.25511443427885, 15.846281611868363, 81.31549951849908, 19.9066666960886)"
,,,,,,,,,30-11-2023.tif,,"(77.25511443427885, 15.846281611868363, 81.31549951849908, 19.9066666960886)"
,,,,,,,,,31-01-2023.tif,,"(77.25511443427885, 15.846281611868363, 81.31549951849908, 19.9066666960886)"
,,,,,,,,,31-03-2023.tif,,"(77.25511443427885, 15.846281611868363, 81.31549951849908, 19.9066666960886)"
,,,,,,,,,31-05-2023.tif,,"(77.25511443427885, 15.846281611868363, 81.31549951849908, 19.9066666960886)"
,,,,,,,,,31-07-2023.tif,,"(77.25511443427885, 15.846281611868363, 81.31549951849908, 19.9066666960886)"
,,,,,,,,,31-08-2023.tif,,"(77.25511443427885, 15.846281611868363, 81.31549951849908, 19.9066666960886)"
,,,,,,,,,31-10-2023.tif,,"(77.25511443427885, 15.846281611868363, 81.31549951849908, 19.9066666960886)"
,,,,,,,,,31-12-2023.tif,,"(77.25511443427885, 15.846281611868363, 81.31549951849908, 19.9066666960886)"
