district_name,uid,area,min,max,mean,count,sum,median,geometry,source_file,bounds
Bhadradri Kothagudem,TSD0001,6974.14,64.34970092773438,86.04054260253906,77.66251156574484,29181.0,2266269.75,78.82978057861328,"(80.20302028700007, 17.190519193000057, 81.31479948400005, 18.238859586000046)",01-01-2022.geojson,
Jagtial,TSD0002,2853.09,81.32949829101562,99.74262237548828,87.83494714675035,12109.0,1063593.375,87.21649932861328,"(78.51948718900007, 18.563739734000023, 79.29767471800005, 19.07988819600007)",01-01-2022.geojson,
Jangoan,TSD0003,2112.71,78.50145721435547,89.70355987548828,84.6595516487214,8916.0,754824.5625,84.75517272949219,"(78.86787166400006, 17.491730369000038, 79.56249112400008, 17.998869741000078)",01-01-2022.geojson,
Mulugu,TSD0004,4189.02,65.25399780273438,87.65994262695312,73.0979518581081,17760.0,1298219.625,72.5431900024414,"(79.81612732700006, 17.99631982000011, 80.7937048350002, 18.63260770700009)",01-01-2022.geojson,
Kamareddy,TSD0005,3701.83,76.5172348022461,81.2801513671875,78.76638411742084,15602.0,1228913.125,78.33695983886719,"(77.52089201100006, 18.068441783000026, 78.56926485100007, 18.558842766000055)",01-01-2022.geojson,
Karimnagar,TSD0006,2127.79,91.25165557861328,99.8023910522461,95.58276239875735,9013.0,861487.4375,95.62278747558594,"(78.94956144100007, 18.132462591000035, 79.58025617800001, 18.678822129000025)",01-01-2022.geojson,
Khammam,TSD0007,4491.25,77.64746856689453,91.90603637695312,82.79991028868298,18671.0,1545957.125,82.14833068847656,"(79.80212475200005, 16.768789670000046, 80.92560532200008, 17.577896090000024)",01-01-2022.geojson,
Mahabubabad,TSD0008,3551.04,73.329345703125,84.98706817626953,77.70804184156172,15009.0,1166320.0,77.64746856689453,"(79.51293497700004, 17.321621569000058, 80.32312548900006, 18.106543834000092)",01-01-2022.geojson,
Mancherial,TSD0009,3909.4,71.89128112792969,99.74262237548828,88.15884203521084,16529.0,1457177.5,89.1883316040039,"(78.87934684700008, 18.672040560000028, 79.96247775100005, 19.288073780000047)",01-01-2022.geojson,
Medak,TSD0010,2771.68,75.45310974121094,79.61994934082031,77.9074940201606,11706.0,911985.125,77.7756118774414,"(77.79480732300004, 17.664489015000072, 78.58893089700007, 18.215476757000033)",01-01-2022.geojson,
Nagarkurnool,TSD0011,6399.07,53.423789978027344,73.85018157958984,62.14213859910581,26169.0,1626197.625,63.07012176513672,"(78.10083116400006, 16.00532167600005, 79.23432760400004, 16.830959432000043)",01-01-2022.geojson,
Nalgonda,TSD0012,7218.26,65.33702850341797,83.93401336669922,77.25137939009483,30267.0,2338167.5,78.32305145263672,"(78.62614167300006, 16.35584791900004, 79.70200312500003, 17.35996707100003)",01-01-2022.geojson,
Nirmal,TSD0013,3729.13,80.84800720214844,87.21649932861328,82.23645476462377,15762.0,1296211.0,82.0035629272461,"(77.76173454100007, 18.84522452500005, 78.95237500500008, 19.342882151000026)",01-01-2022.geojson,
Nizamabad,TSD0014,4168.33,78.41348266601562,85.38984680175781,80.56904876529225,17656.0,1422527.125,80.84800720214844,"(77.73094369300003, 18.43404349700006, 78.64029038200005, 19.015710890000037)",01-01-2022.geojson,
Peddapalli,TSD0015,2195.39,85.0763931274414,99.8023910522461,95.47316353887399,9325.0,890287.25,95.78459930419922,"(79.11294947900006, 18.385471986000027, 79.83268954900007, 18.854875013000026)",01-01-2022.geojson,
Rajanna Sircilla,TSD0016,1897.97,79.61994934082031,94.19210815429688,86.65239523750311,8042.0,696858.5625,86.76204681396484,"(78.52078465300008, 18.21376387500004, 79.02266919100003, 18.69041016700004)",01-01-2022.geojson,
Sangareddy,TSD0017,4460.37,67.82984161376953,83.36280822753906,75.3573669176144,18729.0,1411368.125,75.45310974121094,"(77.44416825100006, 17.42785604100004, 78.44886573200006, 18.309307690000026)",01-01-2022.geojson,
Siddipet,TSD0018,3637.17,78.50145721435547,95.62278747558594,84.14440033838746,15367.0,1293047.0,85.561767578125,"(78.49289586600008, 17.667265188000044, 79.30335584600004, 18.34315846100003)",01-01-2022.geojson,
Vikarabad,TSD0019,3618.96,65.36695098876953,75.15931701660156,69.13785405387561,15146.0,1047161.9375,68.65126037597656,"(77.36247981800005, 16.90300025500005, 78.07315782100005, 17.637813938000022)",01-01-2022.geojson,
Wanaparthy,TSD0020,2174.67,54.914913177490234,65.6041030883789,61.72892609699769,9093.0,561301.125,62.02858352661133,"(77.65718116, 15.94285645900004, 78.31347526600007, 16.626992442000073)",01-01-2022.geojson,
Warangal Rural,TSD0021,2139.98,76.12110137939453,93.65968322753906,83.33495024875621,9045.0,753764.625,84.98706817626953,"(79.47950597500005, 17.619303173000105, 80.04124404200007, 18.279223933000026)",01-01-2022.geojson,
Warangal Urban,TSD0022,1294.45,84.98706817626953,95.62278747558594,89.84086028874269,5472.0,491609.1875,89.45100402832031,"(79.23082975700004, 17.786163054000042, 79.67163482100005, 18.266255774000058)",01-01-2022.geojson,
Yadadri Bhuvanagiri,TSD0023,3422.72,70.7002182006836,84.75517272949219,79.25484469250503,14423.0,1143092.625,79.64824676513672,"(78.68260567800007, 17.04419639500003, 79.45808114400006, 17.812669696000114)",01-01-2022.geojson,
Narayanpet,TSD0024,2380.13,64.73397827148438,73.01118469238281,67.08023973295569,9886.0,663155.25,66.19696807861328,"(77.23725451100006, 16.34148046400003, 77.79666638000009, 17.061726844000077)",01-01-2022.geojson,
Jogulamba Gadwal,TSD0025,2574.21,54.914913177490234,71.33078002929688,63.4918966323667,10690.0,678728.375,63.20985794067383,"(77.48561464400007, 15.836429923000026, 78.25321888900004, 16.362950969000053)",01-01-2022.geojson,
Rangareddy,TSD0026,4997.54,65.00870513916016,83.79054260253906,74.27728224156796,21021.0,1561382.75,73.69036865234375,"(77.92190617600005, 16.744225033000077, 78.84397639500008, 17.522654105000072)",01-01-2022.geojson,
Suryapet,TSD0027,3584.22,81.03858947753906,88.62383270263672,84.04527230203809,14965.0,1257737.5,83.53720092773438,"(79.36051795300006, 16.63122235000003, 80.07318026800004, 17.526066134000075)",01-01-2022.geojson,
Medchal Malkajgiri,TSD0028,1088.52,77.29588317871094,83.79054260253906,80.91943231441049,4580.0,370611.0,83.36280822753906,"(78.34798865200008, 17.361463480000054, 78.75985781500003, 17.70854524600003)",01-01-2022.geojson,
Adilabad,TSD0029,3980.34,81.4666519165039,95.4013900756836,86.8021208573487,16656.0,1445776.125,86.46415710449219,"(78.17215629700007, 19.17277807100004, 78.97780562900004, 19.91690008100005)",01-01-2022.geojson,
Hyderabad,TSD0030,182.64,83.36280822753906,83.79054260253906,83.48739739109233,769.0,64201.80859375,83.36280822753906,"(78.38267903300004, 17.293465379000054, 78.55019026600007, 17.483791793000023)",01-01-2022.geojson,
Kumurambheem Asifabad,TSD0031,4495.32,71.89128112792969,94.57148742675781,86.39920159680639,19038.0,1644868.0,88.98648834228516,"(78.80016529900007, 19.050559607000025, 79.97913072000006, 19.617151517000025)",01-01-2022.geojson,
Jayashankar Bhupalpally,TSD0032,2946.01,69.51563262939453,95.78459930419922,80.9550204589217,12464.0,1009023.375,78.53815460205078,"(79.55918339200008, 18.156703452000045, 80.34460111152396, 18.869152369000062)",01-01-2022.geojson,
Mahabubnagar,TSD0033,2749.62,63.07012176513672,68.66621398925781,65.31548703270015,11529.0,753022.25,64.73397827148438,"(77.67537161200016, 16.378530416000103, 78.369893344, 17.01442864699999)",01-01-2022.geojson,
Bhadradri Kothagudem,TSD0001,6974.14,59.60806655883789,85.0876693725586,76.49488537061787,29181.0,2232197.25,78.05096435546875,"(80.20302028700007, 17.190519193000057, 81.31479948400005, 18.238859586000046)",01-02-2022.geojson,
Jagtial,TSD0002,2853.09,73.06475830078125,88.98422241210938,80.2230675530597,12109.0,971421.125,78.99955749511719,"(78.51948718900007, 18.563739734000023, 79.29767471800005, 19.07988819600007)",01-02-2022.geojson,
Jangoan,TSD0003,2112.71,70.04913330078125,81.11243438720703,76.30872868999552,8916.0,680368.625,75.37989044189453,"(78.86787166400006, 17.491730369000038, 79.56249112400008, 17.998869741000078)",01-02-2022.geojson,
Mulugu,TSD0004,4189.02,57.05801010131836,81.57942199707031,66.29603744369369,17760.0,1177417.625,64.74797058105469,"(79.81612732700006, 17.99631982000011, 80.7937048350002, 18.63260770700009)",01-02-2022.geojson,
Kamareddy,TSD0005,3701.83,71.37224578857422,79.616943359375,75.3248461735675,15602.0,1175218.25,76.05072784423828,"(77.52089201100006, 18.068441783000026, 78.56926485100007, 18.558842766000055)",01-02-2022.geojson,
Karimnagar,TSD0006,2127.79,75.64071655273438,88.08578491210938,81.55338816154443,9013.0,735040.6875,80.25363159179688,"(78.94956144100007, 18.132462591000035, 79.58025617800001, 18.678822129000025)",01-02-2022.geojson,
Khammam,TSD0007,4491.25,78.05096435546875,87.30359649658203,83.68625140592363,18671.0,1562506.0,83.63716888427734,"(79.80212475200005, 16.768789670000046, 80.92560532200008, 17.577896090000024)",01-02-2022.geojson,
Mahabubabad,TSD0008,3551.04,70.17420959472656,87.07327270507812,78.52770004663869,15009.0,1178622.25,79.57454681396484,"(79.51293497700004, 17.321621569000058, 80.32312548900006, 18.106543834000092)",01-02-2022.geojson,
Mancherial,TSD0009,3909.4,63.422542572021484,88.98422241210938,81.48604725028737,16529.0,1346882.875,81.37214660644531,"(78.87934684700008, 18.672040560000028, 79.96247775100005, 19.288073780000047)",01-02-2022.geojson,
Medak,TSD0010,2771.68,71.35126495361328,75.97911071777344,73.82371219887237,11706.0,864180.375,73.66858673095703,"(77.79480732300004, 17.664489015000072, 78.58893089700007, 18.215476757000033)",01-02-2022.geojson,
Nagarkurnool,TSD0011,6399.07,55.87864685058594,66.59132385253906,60.92911937788987,26169.0,1594454.125,61.44804382324219,"(78.10083116400006, 16.00532167600005, 79.23432760400004, 16.830959432000043)",01-02-2022.geojson,
Nalgonda,TSD0012,7218.26,62.200103759765625,83.11942291259766,72.34962996002247,30267.0,2189806.25,71.7183837890625,"(78.62614167300006, 16.35584791900004, 79.70200312500003, 17.35996707100003)",01-02-2022.geojson,
Nirmal,TSD0013,3729.13,72.66251373291016,84.02729034423828,75.43325720086284,15762.0,1188979.0,75.04499053955078,"(77.76173454100007, 18.84522452500005, 78.95237500500008, 19.342882151000026)",01-02-2022.geojson,
Nizamabad,TSD0014,4168.33,71.72491455078125,79.42832946777344,74.60172887403715,17656.0,1317168.125,73.69429016113281,"(77.73094369300003, 18.43404349700006, 78.64029038200005, 19.015710890000037)",01-02-2022.geojson,
Peddapalli,TSD0015,2195.39,79.06109619140625,88.08578491210938,85.43284182305631,9325.0,796661.25,85.96040344238281,"(79.11294947900006, 18.385471986000027, 79.83268954900007, 18.854875013000026)",01-02-2022.geojson,
Rajanna Sircilla,TSD0016,1897.97,71.37224578857422,78.99955749511719,74.1776765729918,8042.0,596536.875,74.26981353759766,"(78.52078465300008, 18.21376387500004, 79.02266919100003, 18.69041016700004)",01-02-2022.geojson,
Sangareddy,TSD0017,4460.37,68.03770446777344,78.16815185546875,74.35741363660634,18729.0,1392640.0,74.2009506225586,"(77.44416825100006, 17.42785604100004, 78.44886573200006, 18.309307690000026)",01-02-2022.geojson,
Siddipet,TSD0018,3637.17,70.04913330078125,80.25363159179688,72.68522645929589,15367.0,1116953.875,72.35729217529297,"(78.49289586600008, 17.667265188000044, 79.30335584600004, 18.34315846100003)",01-02-2022.geojson,
Vikarabad,TSD0019,3618.96,62.91492462158203,73.06745910644531,66.95604862670012,15146.0,1014116.3125,66.12617492675781,"(77.36247981800005, 16.90300025500005, 78.07315782100005, 17.637813938000022)",01-02-2022.geojson,
Wanaparthy,TSD0020,2174.67,58.166141510009766,65.10032653808594,61.778222258880454,9093.0,561749.375,62.26583480834961,"(77.65718116, 15.94285645900004, 78.31347526600007, 16.626992442000073)",01-02-2022.geojson,
Warangal Rural,TSD0021,2139.98,74.43059539794922,83.78997039794922,79.26430348258707,9045.0,716945.625,79.93173217773438,"(79.47950597500005, 17.619303173000105, 80.04124404200007, 18.279223933000026)",01-02-2022.geojson,
Warangal Urban,TSD0022,1294.45,76.99283599853516,83.78997039794922,80.65409699378655,5472.0,441339.21875,81.11243438720703,"(79.23082975700004, 17.786163054000042, 79.67163482100005, 18.266255774000058)",01-02-2022.geojson,
Yadadri Bhuvanagiri,TSD0023,3422.72,68.59904479980469,80.37786102294922,73.28715419815572,14423.0,1057020.625,73.1207275390625,"(78.68260567800007, 17.04419639500003, 79.45808114400006, 17.812669696000114)",01-02-2022.geojson,
Narayanpet,TSD0024,2380.13,62.9779052734375,72.87195587158203,66.30388933845843,9886.0,655480.25,66.57312774658203,"(77.23725451100006, 16.34148046400003, 77.79666638000009, 17.061726844000077)",01-02-2022.geojson,
Jogulamba Gadwal,TSD0025,2574.21,58.166141510009766,70.01219177246094,64.84455682881197,10690.0,693188.3125,65.10032653808594,"(77.48561464400007, 15.836429923000026, 78.25321888900004, 16.362950969000053)",01-02-2022.geojson,
Rangareddy,TSD0026,4997.54,62.91492462158203,78.16815185546875,70.26777983920842,21021.0,1477099.0,68.78059387207031,"(77.92190617600005, 16.744225033000077, 78.84397639500008, 17.522654105000072)",01-02-2022.geojson,
Suryapet,TSD0027,3584.22,75.93566131591797,87.07327270507812,82.6839124624123,14965.0,1237364.75,83.11942291259766,"(79.36051795300006, 16.63122235000003, 80.07318026800004, 17.526066134000075)",01-02-2022.geojson,
Medchal Malkajgiri,TSD0028,1088.52,70.04913330078125,78.16815185546875,75.33034934497816,4580.0,345013.0,78.16815185546875,"(78.34798865200008, 17.361463480000054, 78.75985781500003, 17.70854524600003)",01-02-2022.geojson,
Adilabad,TSD0029,3980.34,72.66251373291016,81.37214660644531,75.85261317243035,16656.0,1263401.125,76.23909759521484,"(78.17215629700007, 19.17277807100004, 78.97780562900004, 19.91690008100005)",01-02-2022.geojson,
Hyderabad,TSD0030,182.64,77.5738525390625,78.16815185546875,77.99504226267881,769.0,59978.1875,78.16815185546875,"(78.38267903300004, 17.293465379000054, 78.55019026600007, 17.483791793000023)",01-02-2022.geojson,
Kumurambheem Asifabad,TSD0031,4495.32,61.612022399902344,88.98422241210938,76.88721241727072,19038.0,1463778.75,77.44569396972656,"(78.80016529900007, 19.050559607000025, 79.97913072000006, 19.617151517000025)",01-02-2022.geojson,
Jayashankar Bhupalpally,TSD0032,2946.01,59.96418762207031,85.96040344238281,73.5663460767009,12464.0,916930.9375,71.17382049560547,"(79.55918339200008, 18.156703452000045, 80.34460111152396, 18.869152369000062)",01-02-2022.geojson,
Mahabubnagar,TSD0033,2749.62,61.1146240234375,64.4717788696289,63.09151379130887,11529.0,727382.0625,62.9779052734375,"(77.67537161200016, 16.378530416000103, 78.369893344, 17.01442864699999)",01-02-2022.geojson,
Bhadradri Kothagudem,TSD0001,6974.14,56.104522705078125,75.06233215332031,70.52543178780714,29181.0,2058002.625,71.28607940673828,"(80.20302028700007, 17.190519193000057, 81.31479948400005, 18.238859586000046)",01-03-2022.geojson,
Jagtial,TSD0002,2853.09,64.49662017822266,81.21133422851562,72.71731769758031,12109.0,880534.0,73.0959243774414,"(78.51948718900007, 18.563739734000023, 79.29767471800005, 19.07988819600007)",01-03-2022.geojson,
Jangoan,TSD0003,2112.71,62.08518600463867,71.22826385498047,67.46180321893226,8916.0,601489.4375,66.80825805664062,"(78.86787166400006, 17.491730369000038, 79.56249112400008, 17.998869741000078)",01-03-2022.geojson,
Mulugu,TSD0004,4189.02,56.29649353027344,74.16407012939453,67.59588963963964,17760.0,1200503.0,67.51823425292969,"(79.81612732700006, 17.99631982000011, 80.7937048350002, 18.63260770700009)",01-03-2022.geojson,
Kamareddy,TSD0005,3701.83,62.85517120361328,70.86714935302734,67.0814639148827,15602.0,1046605.0,67.74293518066406,"(77.52089201100006, 18.068441783000026, 78.56926485100007, 18.558842766000055)",01-03-2022.geojson,
Karimnagar,TSD0006,2127.79,65.45222473144531,80.18225860595703,71.46786586042383,9013.0,644139.875,70.03672790527344,"(78.94956144100007, 18.132462591000035, 79.58025617800001, 18.678822129000025)",01-03-2022.geojson,
Khammam,TSD0007,4491.25,67.07730865478516,75.85986328125,73.39540597718387,18671.0,1370365.625,75.06233215332031,"(79.80212475200005, 16.768789670000046, 80.92560532200008, 17.577896090000024)",01-03-2022.geojson,
Mahabubabad,TSD0008,3551.04,69.86724090576172,75.64618682861328,73.16077020454394,15009.0,1098070.0,73.0041275024414,"(79.51293497700004, 17.321621569000058, 80.32312548900006, 18.106543834000092)",01-03-2022.geojson,
Mancherial,TSD0009,3909.4,62.771968841552734,81.21133422851562,76.02454020206909,16529.0,1256609.625,75.45794677734375,"(78.87934684700008, 18.672040560000028, 79.96247775100005, 19.288073780000047)",01-03-2022.geojson,
Medak,TSD0010,2771.68,62.85517120361328,68.77535247802734,65.9229988894584,11706.0,771694.625,65.42488098144531,"(77.79480732300004, 17.664489015000072, 78.58893089700007, 18.215476757000033)",01-03-2022.geojson,
Nagarkurnool,TSD0011,6399.07,57.31354904174805,61.43631362915039,58.542664985287935,26169.0,1532003.0,58.3659782409668,"(78.10083116400006, 16.00532167600005, 79.23432760400004, 16.830959432000043)",01-03-2022.geojson,
Nalgonda,TSD0012,7218.26,57.97568130493164,70.40230560302734,64.06875061948656,30267.0,1939168.875,64.09963989257812,"(78.62614167300006, 16.35584791900004, 79.70200312500003, 17.35996707100003)",01-03-2022.geojson,
Nirmal,TSD0013,3729.13,66.24393463134766,75.90721130371094,69.64131296789748,15762.0,1097686.375,69.8979263305664,"(77.76173454100007, 18.84522452500005, 78.95237500500008, 19.342882151000026)",01-03-2022.geojson,
Nizamabad,TSD0014,4168.33,63.55664825439453,71.98690032958984,68.62846199592207,17656.0,1211704.125,69.08429718017578,"(77.73094369300003, 18.43404349700006, 78.64029038200005, 19.015710890000037)",01-03-2022.geojson,
Peddapalli,TSD0015,2195.39,73.0959243774414,80.18225860595703,77.6670710455764,9325.0,724245.4375,76.82891082763672,"(79.11294947900006, 18.385471986000027, 79.83268954900007, 18.854875013000026)",01-03-2022.geojson,
Rajanna Sircilla,TSD0016,1897.97,62.81181335449219,69.07322692871094,64.63068111166376,8042.0,519759.9375,64.49662017822266,"(78.52078465300008, 18.21376387500004, 79.02266919100003, 18.69041016700004)",01-03-2022.geojson,
Sangareddy,TSD0017,4460.37,66.17648315429688,71.4481430053711,68.28912381867691,18729.0,1278987.0,67.92900085449219,"(77.44416825100006, 17.42785604100004, 78.44886573200006, 18.309307690000026)",01-03-2022.geojson,
Siddipet,TSD0018,3637.17,61.93876647949219,70.03672790527344,63.85159757922822,15367.0,981207.5,63.53672790527344,"(78.49289586600008, 17.667265188000044, 79.30335584600004, 18.34315846100003)",01-03-2022.geojson,
Vikarabad,TSD0019,3618.96,58.170169830322266,67.92900085449219,63.492473260266735,15146.0,961657.0,63.91350555419922,"(77.36247981800005, 16.90300025500005, 78.07315782100005, 17.637813938000022)",01-03-2022.geojson,
Wanaparthy,TSD0020,2174.67,58.17411804199219,63.98872375488281,61.21740624656329,9093.0,556649.875,61.96482849121094,"(77.65718116, 15.94285645900004, 78.31347526600007, 16.626992442000073)",01-03-2022.geojson,
Warangal Rural,TSD0021,2139.98,69.86724090576172,74.16407012939453,72.32509673852958,9045.0,654180.5,72.23086547851562,"(79.47950597500005, 17.619303173000105, 80.04124404200007, 18.279223933000026)",01-03-2022.geojson,
Warangal Urban,TSD0022,1294.45,67.61363983154297,73.42887115478516,70.88525105080409,5472.0,387884.09375,71.22826385498047,"(79.23082975700004, 17.786163054000042, 79.67163482100005, 18.266255774000058)",01-03-2022.geojson,
Yadadri Bhuvanagiri,TSD0023,3422.72,61.24575424194336,70.03398895263672,64.93023296124245,14423.0,936488.75,65.05061340332031,"(78.68260567800007, 17.04419639500003, 79.45808114400006, 17.812669696000114)",01-03-2022.geojson,
Narayanpet,TSD0024,2380.13,59.0150032043457,67.76758575439453,62.99963964191787,9886.0,622814.4375,62.842586517333984,"(77.23725451100006, 16.34148046400003, 77.79666638000009, 17.061726844000077)",01-03-2022.geojson,
Jogulamba Gadwal,TSD0025,2574.21,61.26786804199219,66.67969512939453,63.836248830682884,10690.0,682409.5,63.65723419189453,"(77.48561464400007, 15.836429923000026, 78.25321888900004, 16.362950969000053)",01-03-2022.geojson,
Rangareddy,TSD0026,4997.54,58.170169830322266,71.4481430053711,63.6579908187051,21021.0,1338154.625,62.72587585449219,"(77.92190617600005, 16.744225033000077, 78.84397639500008, 17.522654105000072)",01-03-2022.geojson,
Suryapet,TSD0027,3584.22,66.79931640625,75.64618682861328,70.75630638155697,14965.0,1058868.125,70.40230560302734,"(79.36051795300006, 16.63122235000003, 80.07318026800004, 17.526066134000075)",01-03-2022.geojson,
Medchal Malkajgiri,TSD0028,1088.52,62.08518600463867,71.4481430053711,67.87287117903931,4580.0,310857.75,71.0074691772461,"(78.34798865200008, 17.361463480000054, 78.75985781500003, 17.70854524600003)",01-03-2022.geojson,
Adilabad,TSD0029,3980.34,65.26958465576172,71.84514617919922,66.92254292747359,16656.0,1114661.875,66.24393463134766,"(78.17215629700007, 19.17277807100004, 78.97780562900004, 19.91690008100005)",01-03-2022.geojson,
Hyderabad,TSD0030,182.64,69.64705657958984,71.0074691772461,70.61119351430429,769.0,54300.0078125,71.0074691772461,"(78.38267903300004, 17.293465379000054, 78.55019026600007, 17.483791793000023)",01-03-2022.geojson,
Kumurambheem Asifabad,TSD0031,4495.32,59.1170654296875,81.21133422851562,69.50315159155373,19038.0,1323201.0,68.93273162841797,"(78.80016529900007, 19.050559607000025, 79.97913072000006, 19.617151517000025)",01-03-2022.geojson,
Jayashankar Bhupalpally,TSD0032,2946.01,65.07748413085938,76.82891082763672,72.01803694640564,12464.0,897632.8125,71.73703002929688,"(79.55918339200008, 18.156703452000045, 80.34460111152396, 18.869152369000062)",01-03-2022.geojson,
Mahabubnagar,TSD0033,2749.62,58.170169830322266,62.59403991699219,59.711596842744385,11529.0,688415.0,59.327545166015625,"(77.67537161200016, 16.378530416000103, 78.369893344, 17.01442864699999)",01-03-2022.geojson,
Bhadradri Kothagudem,TSD0001,6974.14,28.019004821777344,38.381072998046875,34.43524039614818,29181.0,1004854.75,35.11952590942383,"(80.20302028700007, 17.190519193000057, 81.31479948400005, 18.238859586000046)",01-04-2022.geojson,
Jagtial,TSD0002,2853.09,54.28484344482422,63.29155731201172,59.713704682467586,12109.0,723073.25,58.96172332763672,"(78.51948718900007, 18.563739734000023, 79.29767471800005, 19.07988819600007)",01-04-2022.geojson,
Jangoan,TSD0003,2112.71,37.27821731567383,49.16835403442383,42.61368957492149,8916.0,379943.65625,43.01124954223633,"(78.86787166400006, 17.491730369000038, 79.56249112400008, 17.998869741000078)",01-04-2022.geojson,
Mulugu,TSD0004,4189.02,36.97092819213867,44.863014221191406,39.13081010698198,17760.0,694963.1875,38.386192321777344,"(79.81612732700006, 17.99631982000011, 80.7937048350002, 18.63260770700009)",01-04-2022.geojson,
Kamareddy,TSD0005,3701.83,59.393959045410156,66.4609603881836,63.71056595308294,15602.0,994012.25,64.47591400146484,"(77.52089201100006, 18.068441783000026, 78.56926485100007, 18.558842766000055)",01-04-2022.geojson,
Karimnagar,TSD0006,2127.79,47.7900390625,59.07078552246094,51.55036475091534,9013.0,464623.4375,51.35883712768555,"(78.94956144100007, 18.132462591000035, 79.58025617800001, 18.678822129000025)",01-04-2022.geojson,
Khammam,TSD0007,4491.25,27.173093795776367,34.78011703491211,31.071203336725404,18671.0,580130.4375,31.316362380981445,"(79.80212475200005, 16.768789670000046, 80.92560532200008, 17.577896090000024)",01-04-2022.geojson,
Mahabubabad,TSD0008,3551.04,32.02885055541992,40.17877960205078,36.047096741954824,15009.0,541030.875,35.91218566894531,"(79.51293497700004, 17.321621569000058, 80.32312548900006, 18.106543834000092)",01-04-2022.geojson,
Mancherial,TSD0009,3909.4,44.76894760131836,63.67683792114258,57.59614541109565,16529.0,952006.6875,60.04903030395508,"(78.87934684700008, 18.672040560000028, 79.96247775100005, 19.288073780000047)",01-04-2022.geojson,
Medak,TSD0010,2771.68,57.12812423706055,63.193763732910156,60.82974542969417,11706.0,712073.0,62.20344161987305,"(77.79480732300004, 17.664489015000072, 78.58893089700007, 18.215476757000033)",01-04-2022.geojson,
Nagarkurnool,TSD0011,6399.07,28.490184783935547,43.48195266723633,34.95568229584623,26169.0,914755.25,33.86571502685547,"(78.10083116400006, 16.00532167600005, 79.23432760400004, 16.830959432000043)",01-04-2022.geojson,
Nalgonda,TSD0012,7218.26,27.526947021484375,40.22193908691406,33.28648982390062,30267.0,1007482.1875,33.20832824707031,"(78.62614167300006, 16.35584791900004, 79.70200312500003, 17.35996707100003)",01-04-2022.geojson,
Nirmal,TSD0013,3729.13,61.160316467285156,71.04901123046875,65.56798788224845,15762.0,1033482.625,65.13813781738281,"(77.76173454100007, 18.84522452500005, 78.95237500500008, 19.342882151000026)",01-04-2022.geojson,
Nizamabad,TSD0014,4168.33,58.96172332763672,69.44066619873047,64.90908897825102,17656.0,1146034.875,65.1939926147461,"(77.73094369300003, 18.43404349700006, 78.64029038200005, 19.015710890000037)",01-04-2022.geojson,
Peddapalli,TSD0015,2195.39,47.6884880065918,59.07078552246094,54.13129021447721,9325.0,504774.28125,53.83232498168945,"(79.11294947900006, 18.385471986000027, 79.83268954900007, 18.854875013000026)",01-04-2022.geojson,
Rajanna Sircilla,TSD0016,1897.97,51.35883712768555,61.40499496459961,55.876379476498386,8042.0,449357.84375,56.39740753173828,"(78.52078465300008, 18.21376387500004, 79.02266919100003, 18.69041016700004)",01-04-2022.geojson,
Sangareddy,TSD0017,4460.37,57.12812423706055,64.4784927368164,60.78722836243259,18729.0,1138484.0,60.75056457519531,"(77.44416825100006, 17.42785604100004, 78.44886573200006, 18.309307690000026)",01-04-2022.geojson,
Siddipet,TSD0018,3637.17,46.23420715332031,59.393959045410156,51.35108511745949,15367.0,789112.125,51.35883712768555,"(78.49289586600008, 17.667265188000044, 79.30335584600004, 18.34315846100003)",01-04-2022.geojson,
Vikarabad,TSD0019,3618.96,48.62289047241211,60.565284729003906,54.405791958272815,15146.0,824030.125,53.84107971191406,"(77.36247981800005, 16.90300025500005, 78.07315782100005, 17.637813938000022)",01-04-2022.geojson,
Wanaparthy,TSD0020,2174.67,35.9500846862793,46.57078552246094,40.79826171230617,9093.0,370978.59375,40.843875885009766,"(77.65718116, 15.94285645900004, 78.31347526600007, 16.626992442000073)",01-04-2022.geojson,
Warangal Rural,TSD0021,2139.98,35.39838790893555,47.7900390625,40.39872512437811,9045.0,365406.46875,40.17877960205078,"(79.47950597500005, 17.619303173000105, 80.04124404200007, 18.279223933000026)",01-04-2022.geojson,
Warangal Urban,TSD0022,1294.45,40.17877960205078,49.6943473815918,44.810535453216374,5472.0,245203.25,44.08706283569336,"(79.23082975700004, 17.786163054000042, 79.67163482100005, 18.266255774000058)",01-04-2022.geojson,
Yadadri Bhuvanagiri,TSD0023,3422.72,34.48183822631836,49.16835403442383,43.03610985925258,14423.0,620709.8125,43.695526123046875,"(78.68260567800007, 17.04419639500003, 79.45808114400006, 17.812669696000114)",01-04-2022.geojson,
Narayanpet,TSD0024,2380.13,43.71744918823242,53.51424789428711,49.82207161642727,9886.0,492541.0,49.65760040283203,"(77.23725451100006, 16.34148046400003, 77.79666638000009, 17.061726844000077)",01-04-2022.geojson,
Jogulamba Gadwal,TSD0025,2574.21,35.65693664550781,47.447044372558594,42.05374766136576,10690.0,449554.5625,41.545867919921875,"(77.48561464400007, 15.836429923000026, 78.25321888900004, 16.362950969000053)",01-04-2022.geojson,
Rangareddy,TSD0026,4997.54,36.38982009887695,58.96886444091797,48.090959635602495,21021.0,1010920.0625,46.12529373168945,"(77.92190617600005, 16.744225033000077, 78.84397639500008, 17.522654105000072)",01-04-2022.geojson,
Suryapet,TSD0027,3584.22,26.913318634033203,39.997623443603516,31.27089876378216,14965.0,467969.0,30.13995361328125,"(79.36051795300006, 16.63122235000003, 80.07318026800004, 17.526066134000075)",01-04-2022.geojson,
Medchal Malkajgiri,TSD0028,1088.52,47.18475341796875,58.96886444091797,54.54107532751092,4580.0,249798.125,57.51982498168945,"(78.34798865200008, 17.361463480000054, 78.75985781500003, 17.70854524600003)",01-04-2022.geojson,
Adilabad,TSD0029,3980.34,58.9627571105957,65.13813781738281,61.17169113232469,16656.0,1018875.6875,60.856300354003906,"(78.17215629700007, 19.17277807100004, 78.97780562900004, 19.91690008100005)",01-04-2022.geojson,
Hyderabad,TSD0030,182.64,53.84193420410156,57.51982498168945,56.44850251950585,769.0,43408.8984375,57.51982498168945,"(78.38267903300004, 17.293465379000054, 78.55019026600007, 17.483791793000023)",01-04-2022.geojson,
Kumurambheem Asifabad,TSD0031,4495.32,49.283721923828125,63.67683792114258,60.30076688727807,19038.0,1148006.0,61.658878326416016,"(78.80016529900007, 19.050559607000025, 79.97913072000006, 19.617151517000025)",01-04-2022.geojson,
Jayashankar Bhupalpally,TSD0032,2946.01,38.386192321777344,51.785404205322266,44.49436878209243,12464.0,554577.8125,44.76894760131836,"(79.55918339200008, 18.156703452000045, 80.34460111152396, 18.869152369000062)",01-04-2022.geojson,
Mahabubnagar,TSD0033,2749.62,39.57676696777344,51.16244888305664,46.565562928267845,11529.0,536854.375,46.57078552246094,"(77.67537161200016, 16.378530416000103, 78.369893344, 17.01442864699999)",01-04-2022.geojson,
Bhadradri Kothagudem,TSD0001,6974.14,41.79978942871094,47.79423141479492,45.84482197320174,29181.0,1337797.75,46.427608489990234,"(80.20302028700007, 17.190519193000057, 81.31479948400005, 18.238859586000046)",01-05-2022.geojson,
Jagtial,TSD0002,2853.09,46.59221649169922,48.11530685424805,46.77944091171856,12109.0,566452.25,46.63731002807617,"(78.51948718900007, 18.563739734000023, 79.29767471800005, 19.07988819600007)",01-05-2022.geojson,
Jangoan,TSD0003,2112.71,47.68770217895508,48.796878814697266,47.90110125056079,8916.0,427086.21875,47.86113739013672,"(78.86787166400006, 17.491730369000038, 79.56249112400008, 17.998869741000078)",01-05-2022.geojson,
Mulugu,TSD0004,4189.02,42.37284469604492,48.04829025268555,44.25652449324324,17760.0,785995.875,43.964500427246094,"(79.81612732700006, 17.99631982000011, 80.7937048350002, 18.63260770700009)",01-05-2022.geojson,
Kamareddy,TSD0005,3701.83,46.791282653808594,49.428855895996094,48.21600195487758,15602.0,752266.0625,48.347564697265625,"(77.52089201100006, 18.068441783000026, 78.56926485100007, 18.558842766000055)",01-05-2022.geojson,
Karimnagar,TSD0006,2127.79,46.76361083984375,48.48342514038086,47.72451597692223,9013.0,430141.0625,47.77357482910156,"(78.94956144100007, 18.132462591000035, 79.58025617800001, 18.678822129000025)",01-05-2022.geojson,
Khammam,TSD0007,4491.25,45.895687103271484,49.582557678222656,48.20448824380055,18671.0,900026.0,48.803977966308594,"(79.80212475200005, 16.768789670000046, 80.92560532200008, 17.577896090000024)",01-05-2022.geojson,
Mahabubabad,TSD0008,3551.04,45.12967300415039,48.803977966308594,47.19816443467253,15009.0,708397.25,47.43893814086914,"(79.51293497700004, 17.321621569000058, 80.32312548900006, 18.106543834000092)",01-05-2022.geojson,
Mancherial,TSD0009,3909.4,42.97960662841797,48.11530685424805,46.14001905741424,16529.0,762648.375,46.303802490234375,"(78.87934684700008, 18.672040560000028, 79.96247775100005, 19.288073780000047)",01-05-2022.geojson,
Medak,TSD0010,2771.68,47.543113708496094,51.029930114746094,49.469214505381856,11706.0,579086.625,49.428855895996094,"(77.79480732300004, 17.664489015000072, 78.58893089700007, 18.215476757000033)",01-05-2022.geojson,
Nagarkurnool,TSD0011,6399.07,42.405006408691406,47.91976547241211,45.30551415797317,26169.0,1185600.0,45.1955680847168,"(78.10083116400006, 16.00532167600005, 79.23432760400004, 16.830959432000043)",01-05-2022.geojson,
Nalgonda,TSD0012,7218.26,42.405006408691406,48.313785552978516,45.51902236759507,30267.0,1377724.25,45.93468475341797,"(78.62614167300006, 16.35584791900004, 79.70200312500003, 17.35996707100003)",01-05-2022.geojson,
Nirmal,TSD0013,3729.13,45.125633239746094,48.9997673034668,46.53255456160386,15762.0,733446.125,46.53084182739258,"(77.76173454100007, 18.84522452500005, 78.95237500500008, 19.342882151000026)",01-05-2022.geojson,
Nizamabad,TSD0014,4168.33,46.61686706542969,48.9997673034668,48.026195061169005,17656.0,847950.5,48.347564697265625,"(77.73094369300003, 18.43404349700006, 78.64029038200005, 19.015710890000037)",01-05-2022.geojson,
Peddapalli,TSD0015,2195.39,46.303802490234375,48.378868103027344,47.933853887399465,9325.0,446983.1875,48.049442291259766,"(79.11294947900006, 18.385471986000027, 79.83268954900007, 18.854875013000026)",01-05-2022.geojson,
Rajanna Sircilla,TSD0016,1897.97,46.61686706542969,47.543113708496094,47.00518760880378,8042.0,378015.71875,46.791282653808594,"(78.52078465300008, 18.21376387500004, 79.02266919100003, 18.69041016700004)",01-05-2022.geojson,
Sangareddy,TSD0017,4460.37,46.998291015625,54.47060012817383,49.34196967270009,18729.0,924125.75,48.523441314697266,"(77.44416825100006, 17.42785604100004, 78.44886573200006, 18.309307690000026)",01-05-2022.geojson,
Siddipet,TSD0018,3637.17,47.44586181640625,50.7761344909668,48.15722815123316,15367.0,740032.125,47.904388427734375,"(78.49289586600008, 17.667265188000044, 79.30335584600004, 18.34315846100003)",01-05-2022.geojson,
Vikarabad,TSD0019,3618.96,45.184661865234375,50.80632019042969,48.10183381750957,15146.0,728550.375,48.0871467590332,"(77.36247981800005, 16.90300025500005, 78.07315782100005, 17.637813938000022)",01-05-2022.geojson,
Wanaparthy,TSD0020,2174.67,44.34125900268555,48.10233688354492,45.91131227317717,9093.0,417471.5625,45.96583557128906,"(77.65718116, 15.94285645900004, 78.31347526600007, 16.626992442000073)",01-05-2022.geojson,
Warangal Rural,TSD0021,2139.98,46.38917541503906,48.48342514038086,47.52066404090658,9045.0,429824.40625,47.68770217895508,"(79.47950597500005, 17.619303173000105, 80.04124404200007, 18.279223933000026)",01-05-2022.geojson,
Warangal Urban,TSD0022,1294.45,47.68770217895508,48.48342514038086,48.15956231725146,5472.0,263529.125,48.233642578125,"(79.23082975700004, 17.786163054000042, 79.67163482100005, 18.266255774000058)",01-05-2022.geojson,
Yadadri Bhuvanagiri,TSD0023,3422.72,45.93468475341797,49.859554290771484,48.55827931082299,14423.0,700356.0625,48.313785552978516,"(78.68260567800007, 17.04419639500003, 79.45808114400006, 17.812669696000114)",01-05-2022.geojson,
Narayanpet,TSD0024,2380.13,41.522216796875,47.07162094116211,44.79952710904309,9886.0,442888.125,44.258968353271484,"(77.23725451100006, 16.34148046400003, 77.79666638000009, 17.061726844000077)",01-05-2022.geojson,
Jogulamba Gadwal,TSD0025,2574.21,40.99590301513672,45.96583557128906,43.76351730589336,10690.0,467832.0,44.34125900268555,"(77.48561464400007, 15.836429923000026, 78.25321888900004, 16.362950969000053)",01-05-2022.geojson,
Rangareddy,TSD0026,4997.54,45.56610870361328,54.61688995361328,50.008782883782885,21021.0,1051234.625,49.31135559082031,"(77.92190617600005, 16.744225033000077, 78.84397639500008, 17.522654105000072)",01-05-2022.geojson,
Suryapet,TSD0027,3584.22,46.796966552734375,48.98199462890625,47.912750584697626,14965.0,717014.3125,47.89627456665039,"(79.36051795300006, 16.63122235000003, 80.07318026800004, 17.526066134000075)",01-05-2022.geojson,
Medchal Malkajgiri,TSD0028,1088.52,48.796878814697266,54.61688995361328,52.44497134279476,4580.0,240197.96875,54.47060012817383,"(78.34798865200008, 17.361463480000054, 78.75985781500003, 17.70854524600003)",01-05-2022.geojson,
Adilabad,TSD0029,3980.34,43.77229309082031,45.982688903808594,44.56305910782901,16656.0,742242.3125,44.484859466552734,"(78.17215629700007, 19.17277807100004, 78.97780562900004, 19.91690008100005)",01-05-2022.geojson,
Hyderabad,TSD0030,182.64,54.47060012817383,54.61688995361328,54.513212166775034,769.0,41920.66015625,54.47060012817383,"(78.38267903300004, 17.293465379000054, 78.55019026600007, 17.483791793000023)",01-05-2022.geojson,
Kumurambheem Asifabad,TSD0031,4495.32,42.8317756652832,47.4821891784668,45.03045553629583,19038.0,857289.8125,45.06443786621094,"(78.80016529900007, 19.050559607000025, 79.97913072000006, 19.617151517000025)",01-05-2022.geojson,
Jayashankar Bhupalpally,TSD0032,2946.01,42.92383575439453,48.48342514038086,45.7096538029525,12464.0,569725.125,45.0144157409668,"(79.55918339200008, 18.156703452000045, 80.34460111152396, 18.869152369000062)",01-05-2022.geojson,
Mahabubnagar,TSD0033,2749.62,45.57682800292969,48.769187927246094,47.51684339491717,11529.0,547821.6875,47.91976547241211,"(77.67537161200016, 16.378530416000103, 78.369893344, 17.01442864699999)",01-05-2022.geojson,
Bhadradri Kothagudem,TSD0001,6974.14,35.59879684448242,44.17878341674805,40.89920239196738,29181.0,1193479.625,40.99896240234375,"(80.20302028700007, 17.190519193000057, 81.31479948400005, 18.238859586000046)",01-06-2022.geojson,
Jagtial,TSD0002,2853.09,28.763105392456055,33.11927032470703,30.401439528449913,12109.0,368131.03125,30.11875343322754,"(78.51948718900007, 18.563739734000023, 79.29767471800005, 19.07988819600007)",01-06-2022.geojson,
Jangoan,TSD0003,2112.71,28.766427993774414,32.173912048339844,30.63120022992373,8916.0,273107.78125,30.313461303710938,"(78.86787166400006, 17.491730369000038, 79.56249112400008, 17.998869741000078)",01-06-2022.geojson,
Mulugu,TSD0004,4189.02,33.33076858520508,41.38080978393555,37.26430884009009,17760.0,661814.125,36.978397369384766,"(79.81612732700006, 17.99631982000011, 80.7937048350002, 18.63260770700009)",01-06-2022.geojson,
Kamareddy,TSD0005,3701.83,24.201290130615234,28.03533172607422,26.23940640622997,15602.0,409387.21875,26.420129776000977,"(77.52089201100006, 18.068441783000026, 78.56926485100007, 18.558842766000055)",01-06-2022.geojson,
Karimnagar,TSD0006,2127.79,28.996662139892578,33.79693603515625,30.973555558637525,9013.0,279164.65625,30.500577926635742,"(78.94956144100007, 18.132462591000035, 79.58025617800001, 18.678822129000025)",01-06-2022.geojson,
Khammam,TSD0007,4491.25,33.64158630371094,43.86208724975586,38.94839590809276,18671.0,727205.5,38.36188507080078,"(79.80212475200005, 16.768789670000046, 80.92560532200008, 17.577896090000024)",01-06-2022.geojson,
Mahabubabad,TSD0008,3551.04,31.37517547607422,36.89872360229492,34.724090545672595,15009.0,521173.875,34.680423736572266,"(79.51293497700004, 17.321621569000058, 80.32312548900006, 18.106543834000092)",01-06-2022.geojson,
Mancherial,TSD0009,3909.4,30.912418365478516,37.193668365478516,34.82115902353439,16529.0,575558.9375,35.0795783996582,"(78.87934684700008, 18.672040560000028, 79.96247775100005, 19.288073780000047)",01-06-2022.geojson,
Medak,TSD0010,2771.68,25.245695114135742,29.086584091186523,26.89328122330429,11706.0,314812.75,26.452985763549805,"(77.79480732300004, 17.664489015000072, 78.58893089700007, 18.215476757000033)",01-06-2022.geojson,
Nagarkurnool,TSD0011,6399.07,26.68303871154785,29.79710578918457,28.77197733960029,26169.0,752933.875,28.789472579956055,"(78.10083116400006, 16.00532167600005, 79.23432760400004, 16.830959432000043)",01-06-2022.geojson,
Nalgonda,TSD0012,7218.26,27.845518112182617,32.89697265625,29.733455578683053,30267.0,899942.5,29.215198516845703,"(78.62614167300006, 16.35584791900004, 79.70200312500003, 17.35996707100003)",01-06-2022.geojson,
Nirmal,TSD0013,3729.13,27.494932174682617,30.946002960205078,29.178144033117626,15762.0,459905.90625,29.104476928710938,"(77.76173454100007, 18.84522452500005, 78.95237500500008, 19.342882151000026)",01-06-2022.geojson,
Nizamabad,TSD0014,4168.33,25.64531135559082,29.859594345092773,27.95456749830086,17656.0,493565.84375,28.03533172607422,"(77.73094369300003, 18.43404349700006, 78.64029038200005, 19.015710890000037)",01-06-2022.geojson,
Peddapalli,TSD0015,2195.39,30.47610855102539,36.41823196411133,33.950814343163536,9325.0,316591.34375,33.79693603515625,"(79.11294947900006, 18.385471986000027, 79.83268954900007, 18.854875013000026)",01-06-2022.geojson,
Rajanna Sircilla,TSD0016,1897.97,27.247615814208984,29.859594345092773,28.634178376025865,8042.0,230276.0625,28.763105392456055,"(78.52078465300008, 18.21376387500004, 79.02266919100003, 18.69041016700004)",01-06-2022.geojson,
Sangareddy,TSD0017,4460.37,24.201290130615234,32.67580032348633,26.033811201879438,18729.0,487587.25,25.695924758911133,"(77.44416825100006, 17.42785604100004, 78.44886573200006, 18.309307690000026)",01-06-2022.geojson,
Siddipet,TSD0018,3637.17,27.247615814208984,30.500577926635742,28.883736253009697,15367.0,443856.375,28.766427993774414,"(78.49289586600008, 17.667265188000044, 79.30335584600004, 18.34315846100003)",01-06-2022.geojson,
Vikarabad,TSD0019,3618.96,23.62151527404785,26.682645797729492,25.487178958140763,15146.0,386028.8125,25.58318328857422,"(77.36247981800005, 16.90300025500005, 78.07315782100005, 17.637813938000022)",01-06-2022.geojson,
Wanaparthy,TSD0020,2174.67,25.59716796875,28.789472579956055,27.363820383811724,9093.0,248819.21875,27.46784782409668,"(77.65718116, 15.94285645900004, 78.31347526600007, 16.626992442000073)",01-06-2022.geojson,
Warangal Rural,TSD0021,2139.98,31.37517547607422,34.680423736572266,33.2710682697623,9045.0,300936.8125,33.33076858520508,"(79.47950597500005, 17.619303173000105, 80.04124404200007, 18.279223933000026)",01-06-2022.geojson,
Warangal Urban,TSD0022,1294.45,29.904359817504883,33.33076858520508,31.460583424707604,5472.0,172152.3125,31.616666793823242,"(79.23082975700004, 17.786163054000042, 79.67163482100005, 18.266255774000058)",01-06-2022.geojson,
Yadadri Bhuvanagiri,TSD0023,3422.72,28.691356658935547,32.434059143066406,31.299073095056507,14423.0,451426.53125,31.387746810913086,"(78.68260567800007, 17.04419639500003, 79.45808114400006, 17.812669696000114)",01-06-2022.geojson,
Narayanpet,TSD0024,2380.13,22.702693939208984,26.268672943115234,24.469113519117943,9886.0,241901.65625,24.3700008392334,"(77.23725451100006, 16.34148046400003, 77.79666638000009, 17.061726844000077)",01-06-2022.geojson,
Jogulamba Gadwal,TSD0025,2574.21,23.450651168823242,27.46784782409668,25.254496024321796,10690.0,269970.5625,25.59716796875,"(77.48561464400007, 15.836429923000026, 78.25321888900004, 16.362950969000053)",01-06-2022.geojson,
Rangareddy,TSD0026,4997.54,26.33551788330078,33.46497344970703,29.218210361067506,21021.0,614196.0,28.691356658935547,"(77.92190617600005, 16.744225033000077, 78.84397639500008, 17.522654105000072)",01-06-2022.geojson,
Suryapet,TSD0027,3584.22,31.025632858276367,35.68565368652344,33.32495197126629,14965.0,498707.90625,32.89697265625,"(79.36051795300006, 16.63122235000003, 80.07318026800004, 17.526066134000075)",01-06-2022.geojson,
Medchal Malkajgiri,TSD0028,1088.52,28.547992706298828,33.46497344970703,31.821823826419212,4580.0,145743.953125,32.67580032348633,"(78.34798865200008, 17.361463480000054, 78.75985781500003, 17.70854524600003)",01-06-2022.geojson,
Adilabad,TSD0029,3980.34,29.104476928710938,31.092073440551758,29.865519557516812,16656.0,497440.09375,29.846416473388672,"(78.17215629700007, 19.17277807100004, 78.97780562900004, 19.91690008100005)",01-06-2022.geojson,
Hyderabad,TSD0030,182.64,32.67580032348633,33.46497344970703,32.905675999674905,769.0,25304.46484375,32.67580032348633,"(78.38267903300004, 17.293465379000054, 78.55019026600007, 17.483791793000023)",01-06-2022.geojson,
Kumurambheem Asifabad,TSD0031,4495.32,30.081857681274414,37.0579833984375,33.9418531358336,19038.0,646185.0,34.85243225097656,"(78.80016529900007, 19.050559607000025, 79.97913072000006, 19.617151517000025)",01-06-2022.geojson,
Jayashankar Bhupalpally,TSD0032,2946.01,32.40052032470703,37.9779052734375,35.803546714537866,12464.0,446255.40625,36.04289627075195,"(79.55918339200008, 18.156703452000045, 80.34460111152396, 18.869152369000062)",01-06-2022.geojson,
Mahabubnagar,TSD0033,2749.62,24.995864868164062,28.789472579956055,26.524601006158385,11529.0,305802.125,26.652585983276367,"(77.67537161200016, 16.378530416000103, 78.369893344, 17.01442864699999)",01-06-2022.geojson,
Bhadradri Kothagudem,TSD0001,6974.14,31.709056854248047,36.9978141784668,34.141299132997496,29181.0,996277.25,33.579803466796875,"(80.20302028700007, 17.190519193000057, 81.31479948400005, 18.238859586000046)",01-07-2022.geojson,
Jagtial,TSD0002,2853.09,31.394821166992188,35.84733963012695,34.117820422826,12109.0,413132.6875,33.66448211669922,"(78.51948718900007, 18.563739734000023, 79.29767471800005, 19.07988819600007)",01-07-2022.geojson,
Jangoan,TSD0003,2112.71,28.923683166503906,31.028478622436523,29.495324416778825,8916.0,262980.3125,29.563549041748047,"(78.86787166400006, 17.491730369000038, 79.56249112400008, 17.998869741000078)",01-07-2022.geojson,
Mulugu,TSD0004,4189.02,32.77958679199219,36.964046478271484,34.79550605292793,17760.0,617968.1875,34.55834197998047,"(79.81612732700006, 17.99631982000011, 80.7937048350002, 18.63260770700009)",01-07-2022.geojson,
Kamareddy,TSD0005,3701.83,26.91602325439453,31.178739547729492,28.914780556979874,15602.0,451128.40625,28.95354461669922,"(77.52089201100006, 18.068441783000026, 78.56926485100007, 18.558842766000055)",01-07-2022.geojson,
Karimnagar,TSD0006,2127.79,30.564634323120117,35.8196907043457,32.327748807278375,9013.0,291370.0,31.567737579345703,"(78.94956144100007, 18.132462591000035, 79.58025617800001, 18.678822129000025)",01-07-2022.geojson,
Khammam,TSD0007,4491.25,28.61272430419922,33.579803466796875,31.043526725938623,18671.0,579613.6875,31.233341217041016,"(79.80212475200005, 16.768789670000046, 80.92560532200008, 17.577896090000024)",01-07-2022.geojson,
Mahabubabad,TSD0008,3551.04,29.82170867919922,33.47728729248047,31.688103804384035,15009.0,475606.75,31.789438247680664,"(79.51293497700004, 17.321621569000058, 80.32312548900006, 18.106543834000092)",01-07-2022.geojson,
Mancherial,TSD0009,3909.4,33.8577995300293,39.0321044921875,36.774025954383205,16529.0,607837.875,36.89725112915039,"(78.87934684700008, 18.672040560000028, 79.96247775100005, 19.288073780000047)",01-07-2022.geojson,
Medak,TSD0010,2771.68,26.55315399169922,29.749248504638672,28.256019882966,11706.0,330764.96875,28.008926391601562,"(77.79480732300004, 17.664489015000072, 78.58893089700007, 18.215476757000033)",01-07-2022.geojson,
Nagarkurnool,TSD0011,6399.07,23.29937744140625,28.942628860473633,26.78588931560243,26169.0,700959.9375,27.297489166259766,"(78.10083116400006, 16.00532167600005, 79.23432760400004, 16.830959432000043)",01-07-2022.geojson,
Nalgonda,TSD0012,7218.26,23.920276641845703,29.69215202331543,26.050758664552152,30267.0,788478.3125,25.607038497924805,"(78.62614167300006, 16.35584791900004, 79.70200312500003, 17.35996707100003)",01-07-2022.geojson,
Nirmal,TSD0013,3729.13,31.8741397857666,34.97346496582031,34.0936984519731,15762.0,537384.875,34.20482635498047,"(77.76173454100007, 18.84522452500005, 78.95237500500008, 19.342882151000026)",01-07-2022.geojson,
Nizamabad,TSD0014,4168.33,28.90213394165039,34.60545349121094,32.04932459220662,17656.0,565862.875,31.8741397857666,"(77.73094369300003, 18.43404349700006, 78.64029038200005, 19.015710890000037)",01-07-2022.geojson,
Peddapalli,TSD0015,2195.39,33.437095642089844,39.0321044921875,36.28223860589812,9325.0,338331.875,35.8196907043457,"(79.11294947900006, 18.385471986000027, 79.83268954900007, 18.854875013000026)",01-07-2022.geojson,
Rajanna Sircilla,TSD0016,1897.97,29.749248504638672,33.66448211669922,31.053123445660283,8042.0,249729.21875,31.394821166992188,"(78.52078465300008, 18.21376387500004, 79.02266919100003, 18.69041016700004)",01-07-2022.geojson,
Sangareddy,TSD0017,4460.37,24.800268173217773,33.28093338012695,26.888738720700516,18729.0,503599.1875,26.678913116455078,"(77.44416825100006, 17.42785604100004, 78.44886573200006, 18.309307690000026)",01-07-2022.geojson,
Siddipet,TSD0018,3637.17,28.923683166503906,31.403175354003906,29.786297341706252,15367.0,457726.03125,29.636573791503906,"(78.49289586600008, 17.667265188000044, 79.30335584600004, 18.34315846100003)",01-07-2022.geojson,
Vikarabad,TSD0019,3618.96,22.80143928527832,26.678913116455078,24.988858444473788,15146.0,378481.25,25.18683433532715,"(77.36247981800005, 16.90300025500005, 78.07315782100005, 17.637813938000022)",01-07-2022.geojson,
Wanaparthy,TSD0020,2174.67,22.876461029052734,27.583492279052734,25.667032676234466,9093.0,233390.328125,25.724811553955078,"(77.65718116, 15.94285645900004, 78.31347526600007, 16.626992442000073)",01-07-2022.geojson,
Warangal Rural,TSD0021,2139.98,29.82170867919922,34.54946517944336,32.226402708678826,9045.0,291487.8125,32.77958679199219,"(79.47950597500005, 17.619303173000105, 80.04124404200007, 18.279223933000026)",01-07-2022.geojson,
Warangal Urban,TSD0022,1294.45,29.82170867919922,32.77958679199219,31.0789245248538,5472.0,170063.875,31.028478622436523,"(79.23082975700004, 17.786163054000042, 79.67163482100005, 18.266255774000058)",01-07-2022.geojson,
Yadadri Bhuvanagiri,TSD0023,3422.72,25.546035766601562,31.41189956665039,29.88459188449005,14423.0,431025.46875,29.708730697631836,"(78.68260567800007, 17.04419639500003, 79.45808114400006, 17.812669696000114)",01-07-2022.geojson,
Narayanpet,TSD0024,2380.13,20.866674423217773,24.78288459777832,22.540123027513655,9886.0,222831.65625,22.337072372436523,"(77.23725451100006, 16.34148046400003, 77.79666638000009, 17.061726844000077)",01-07-2022.geojson,
Jogulamba Gadwal,TSD0025,2574.21,20.830541610717773,26.21352767944336,22.98024438727783,10690.0,245658.8125,22.876461029052734,"(77.48561464400007, 15.836429923000026, 78.25321888900004, 16.362950969000053)",01-07-2022.geojson,
Rangareddy,TSD0026,4997.54,24.677785873413086,34.40332794189453,28.18321856714714,21021.0,592439.4375,26.400983810424805,"(77.92190617600005, 16.744225033000077, 78.84397639500008, 17.522654105000072)",01-07-2022.geojson,
Suryapet,TSD0027,3584.22,25.744539260864258,30.615198135375977,28.458734964918143,14965.0,425884.96875,28.61272430419922,"(79.36051795300006, 16.63122235000003, 80.07318026800004, 17.526066134000075)",01-07-2022.geojson,
Medchal Malkajgiri,TSD0028,1088.52,29.00844955444336,34.40332794189453,31.902360807860262,4580.0,146112.8125,33.28093338012695,"(78.34798865200008, 17.361463480000054, 78.75985781500003, 17.70854524600003)",01-07-2022.geojson,
Adilabad,TSD0029,3980.34,33.241825103759766,34.42472457885742,33.699376350864554,16656.0,561296.8125,33.59764099121094,"(78.17215629700007, 19.17277807100004, 78.97780562900004, 19.91690008100005)",01-07-2022.geojson,
Hyderabad,TSD0030,182.64,33.28093338012695,34.40332794189453,33.60787142392718,769.0,25844.453125,33.28093338012695,"(78.38267903300004, 17.293465379000054, 78.55019026600007, 17.483791793000023)",01-07-2022.geojson,
Kumurambheem Asifabad,TSD0031,4495.32,33.54106521606445,38.411617279052734,35.19553984136989,19038.0,670052.6875,35.0857048034668,"(78.80016529900007, 19.050559607000025, 79.97913072000006, 19.617151517000025)",01-07-2022.geojson,
Jayashankar Bhupalpally,TSD0032,2946.01,32.70970916748047,39.0321044921875,36.64527088013479,12464.0,456746.65625,36.964046478271484,"(79.55918339200008, 18.156703452000045, 80.34460111152396, 18.869152369000062)",01-07-2022.geojson,
Mahabubnagar,TSD0033,2749.62,22.762680053710938,26.61035919189453,24.345173041894352,11529.0,280675.5,24.220016479492188,"(77.67537161200016, 16.378530416000103, 78.369893344, 17.01442864699999)",01-07-2022.geojson,
Bhadradri Kothagudem,TSD0001,6974.14,31.01605987548828,38.2711181640625,34.84137366779754,29181.0,1016706.125,34.43288040161133,"(80.20302028700007, 17.190519193000057, 81.31479948400005, 18.238859586000046)",01-08-2022.geojson,
Jagtial,TSD0002,2853.09,29.458465576171875,34.11762237548828,31.33399743992072,12109.0,379423.375,31.11977195739746,"(78.51948718900007, 18.563739734000023, 79.29767471800005, 19.07988819600007)",01-08-2022.geojson,
Jangoan,TSD0003,2112.71,29.238998413085938,32.866756439208984,30.456657974427994,8916.0,271551.5625,30.03122901916504,"(78.86787166400006, 17.491730369000038, 79.56249112400008, 17.998869741000078)",01-08-2022.geojson,
Mulugu,TSD0004,4189.02,32.07584762573242,35.67350387573242,34.55134431306306,17760.0,613631.875,34.384334564208984,"(79.81612732700006, 17.99631982000011, 80.7937048350002, 18.63260770700009)",01-08-2022.geojson,
Kamareddy,TSD0005,3701.83,26.026716232299805,29.16371726989746,27.702562171516472,15602.0,432215.375,27.88140296936035,"(77.52089201100006, 18.068441783000026, 78.56926485100007, 18.558842766000055)",01-08-2022.geojson,
Karimnagar,TSD0006,2127.79,29.83179473876953,34.94791793823242,31.87762468101631,9013.0,287313.03125,31.453733444213867,"(78.94956144100007, 18.132462591000035, 79.58025617800001, 18.678822129000025)",01-08-2022.geojson,
Khammam,TSD0007,4491.25,30.2996768951416,35.92914581298828,33.737855497830864,18671.0,629919.5,34.3702278137207,"(79.80212475200005, 16.768789670000046, 80.92560532200008, 17.577896090000024)",01-08-2022.geojson,
Mahabubabad,TSD0008,3551.04,31.38617706298828,35.1025390625,33.79302834965687,15009.0,507199.5625,34.06697082519531,"(79.51293497700004, 17.321621569000058, 80.32312548900006, 18.106543834000092)",01-08-2022.geojson,
Mancherial,TSD0009,3909.4,30.122875213623047,36.318077087402344,34.4696253554359,16529.0,569748.4375,35.08576583862305,"(78.87934684700008, 18.672040560000028, 79.96247775100005, 19.288073780000047)",01-08-2022.geojson,
Medak,TSD0010,2771.68,26.121746063232422,29.91404151916504,28.162288569964122,11706.0,329667.75,28.26030921936035,"(77.79480732300004, 17.664489015000072, 78.58893089700007, 18.215476757000033)",01-08-2022.geojson,
Nagarkurnool,TSD0011,6399.07,25.77298355102539,31.383594512939453,29.738227960564025,26169.0,778219.6875,29.98196792602539,"(78.10083116400006, 16.00532167600005, 79.23432760400004, 16.830959432000043)",01-08-2022.geojson,
Nalgonda,TSD0012,7218.26,26.472570419311523,31.62259292602539,29.158906564905674,30267.0,882552.625,28.765256881713867,"(78.62614167300006, 16.35584791900004, 79.70200312500003, 17.35996707100003)",01-08-2022.geojson,
Nirmal,TSD0013,3729.13,29.095096588134766,31.62734603881836,30.321911480142113,15762.0,477933.96875,30.137393951416016,"(77.76173454100007, 18.84522452500005, 78.95237500500008, 19.342882151000026)",01-08-2022.geojson,
Nizamabad,TSD0014,4168.33,27.12790870666504,30.971378326416016,29.424816634571815,17656.0,519524.5625,29.16371726989746,"(77.73094369300003, 18.43404349700006, 78.64029038200005, 19.015710890000037)",01-08-2022.geojson,
Peddapalli,TSD0015,2195.39,31.11977195739746,36.318077087402344,34.91235924932976,9325.0,325557.75,34.94791793823242,"(79.11294947900006, 18.385471986000027, 79.83268954900007, 18.854875013000026)",01-08-2022.geojson,
Rajanna Sircilla,TSD0016,1897.97,28.959701538085938,30.742124557495117,29.52667246953494,8042.0,237453.5,29.458465576171875,"(78.52078465300008, 18.21376387500004, 79.02266919100003, 18.69041016700004)",01-08-2022.geojson,
Sangareddy,TSD0017,4460.37,25.003040313720703,34.23834991455078,26.967922406428535,18729.0,505082.21875,26.312978744506836,"(77.44416825100006, 17.42785604100004, 78.44886573200006, 18.309307690000026)",01-08-2022.geojson,
Siddipet,TSD0018,3637.17,28.959701538085938,31.453733444213867,29.577182436389666,15367.0,454512.5625,29.418838500976562,"(78.49289586600008, 17.667265188000044, 79.30335584600004, 18.34315846100003)",01-08-2022.geojson,
Vikarabad,TSD0019,3618.96,23.343143463134766,28.199111938476562,26.03547760134689,15146.0,394333.34375,25.954015731811523,"(77.36247981800005, 16.90300025500005, 78.07315782100005, 17.637813938000022)",01-08-2022.geojson,
Wanaparthy,TSD0020,2174.67,26.512012481689453,30.994359970092773,28.925072858242604,9093.0,263015.6875,28.824935913085938,"(77.65718116, 15.94285645900004, 78.31347526600007, 16.626992442000073)",01-08-2022.geojson,
Warangal Rural,TSD0021,2139.98,31.38617706298828,35.62912368774414,34.03083886124931,9045.0,307808.9375,34.77880096435547,"(79.47950597500005, 17.619303173000105, 80.04124404200007, 18.279223933000026)",01-08-2022.geojson,
Warangal Urban,TSD0022,1294.45,30.78565788269043,34.77880096435547,32.58556629203216,5472.0,178308.21875,32.866756439208984,"(79.23082975700004, 17.786163054000042, 79.67163482100005, 18.266255774000058)",01-08-2022.geojson,
Yadadri Bhuvanagiri,TSD0023,3422.72,28.580753326416016,32.466796875,30.44096235179921,14423.0,439050.0,30.22654151916504,"(78.68260567800007, 17.04419639500003, 79.45808114400006, 17.812669696000114)",01-08-2022.geojson,
Narayanpet,TSD0024,2380.13,22.520336151123047,27.95267105102539,25.595547048856968,9886.0,253037.578125,25.501684188842773,"(77.23725451100006, 16.34148046400003, 77.79666638000009, 17.061726844000077)",01-08-2022.geojson,
Jogulamba Gadwal,TSD0025,2574.21,25.898080825805664,28.824935913085938,26.978616113189897,10690.0,288401.40625,26.512012481689453,"(77.48561464400007, 15.836429923000026, 78.25321888900004, 16.362950969000053)",01-08-2022.geojson,
Rangareddy,TSD0026,4997.54,27.500045776367188,36.933311462402344,31.27371140763998,21021.0,657404.6875,30.685483932495117,"(77.92190617600005, 16.744225033000077, 78.84397639500008, 17.522654105000072)",01-08-2022.geojson,
Suryapet,TSD0027,3584.22,29.722570419311523,33.78609085083008,31.536334781156032,14965.0,471941.25,31.49021339416504,"(79.36051795300006, 16.63122235000003, 80.07318026800004, 17.526066134000075)",01-08-2022.geojson,
Medchal Malkajgiri,TSD0028,1088.52,29.297571182250977,36.933311462402344,32.54297898471616,4580.0,149046.84375,34.23834991455078,"(78.34798865200008, 17.361463480000054, 78.75985781500003, 17.70854524600003)",01-08-2022.geojson,
Adilabad,TSD0029,3980.34,29.740257263183594,31.8426456451416,30.353722007084535,16656.0,505571.59375,30.177539825439453,"(78.17215629700007, 19.17277807100004, 78.97780562900004, 19.91690008100005)",01-08-2022.geojson,
Hyderabad,TSD0030,182.64,34.23834991455078,36.933311462402344,35.02335622561768,769.0,26932.9609375,34.23834991455078,"(78.38267903300004, 17.293465379000054, 78.55019026600007, 17.483791793000023)",01-08-2022.geojson,
Kumurambheem Asifabad,TSD0031,4495.32,30.013391494750977,35.068359375,32.38330903981511,19038.0,616513.4375,33.04735565185547,"(78.80016529900007, 19.050559607000025, 79.97913072000006, 19.617151517000025)",01-08-2022.geojson,
Jayashankar Bhupalpally,TSD0032,2946.01,33.80466842651367,36.318077087402344,35.60970595314506,12464.0,443839.375,35.67350387573242,"(79.55918339200008, 18.156703452000045, 80.34460111152396, 18.869152369000062)",01-08-2022.geojson,
Mahabubnagar,TSD0033,2749.62,25.784637451171875,30.994359970092773,28.463293650793652,11529.0,328153.3125,28.807771682739258,"(77.67537161200016, 16.378530416000103, 78.369893344, 17.01442864699999)",01-08-2022.geojson,
Bhadradri Kothagudem,TSD0001,6974.14,38.87815856933594,49.77928161621094,44.50524742126726,29181.0,1298707.625,44.146873474121094,"(80.20302028700007, 17.190519193000057, 81.31479948400005, 18.238859586000046)",01-09-2022.geojson,
Jagtial,TSD0002,2853.09,38.22127151489258,44.02494812011719,39.67838229829053,12109.0,480465.53125,39.21725082397461,"(78.51948718900007, 18.563739734000023, 79.29767471800005, 19.07988819600007)",01-09-2022.geojson,
Jangoan,TSD0003,2112.71,38.264408111572266,43.71805953979492,39.89071262337371,8916.0,355665.59375,39.45024490356445,"(78.86787166400006, 17.491730369000038, 79.56249112400008, 17.998869741000078)",01-09-2022.geojson,
Mulugu,TSD0004,4189.02,39.09209442138672,46.1519889831543,41.772212837837834,17760.0,741874.5,41.2728385925293,"(79.81612732700006, 17.99631982000011, 80.7937048350002, 18.63260770700009)",01-09-2022.geojson,
Kamareddy,TSD0005,3701.83,32.54576873779297,37.63321304321289,35.88897657351622,15602.0,559939.8125,36.725311279296875,"(77.52089201100006, 18.068441783000026, 78.56926485100007, 18.558842766000055)",01-09-2022.geojson,
Karimnagar,TSD0006,2127.79,39.628326416015625,46.3841438293457,43.349984050815486,9013.0,390713.40625,43.671478271484375,"(78.94956144100007, 18.132462591000035, 79.58025617800001, 18.678822129000025)",01-09-2022.geojson,
Khammam,TSD0007,4491.25,38.884883880615234,45.71686935424805,42.58482740613786,18671.0,795101.3125,42.26075744628906,"(79.80212475200005, 16.768789670000046, 80.92560532200008, 17.577896090000024)",01-09-2022.geojson,
Mahabubabad,TSD0008,3551.04,39.75333023071289,44.2164192199707,42.248684122859615,15009.0,634110.5,42.17795181274414,"(79.51293497700004, 17.321621569000058, 80.32312548900006, 18.106543834000092)",01-09-2022.geojson,
Mancherial,TSD0009,3909.4,38.96574783325195,44.88086700439453,41.20947652610563,16529.0,681151.4375,41.2884635925293,"(78.87934684700008, 18.672040560000028, 79.96247775100005, 19.288073780000047)",01-09-2022.geojson,
Medak,TSD0010,2771.68,33.302528381347656,38.901248931884766,36.566773983427304,11706.0,428050.65625,36.725311279296875,"(77.79480732300004, 17.664489015000072, 78.58893089700007, 18.215476757000033)",01-09-2022.geojson,
Nagarkurnool,TSD0011,6399.07,22.75263214111328,31.06777572631836,27.88982192670717,26169.0,729848.75,29.100126266479492,"(78.10083116400006, 16.00532167600005, 79.23432760400004, 16.830959432000043)",01-09-2022.geojson,
Nalgonda,TSD0012,7218.26,22.838272094726562,38.64106750488281,31.535913701390953,30267.0,954497.5,31.951261520385742,"(78.62614167300006, 16.35584791900004, 79.70200312500003, 17.35996707100003)",01-09-2022.geojson,
Nirmal,TSD0013,3729.13,38.10059356689453,39.79739761352539,39.17615546884913,15762.0,617494.5625,39.211246490478516,"(77.76173454100007, 18.84522452500005, 78.95237500500008, 19.342882151000026)",01-09-2022.geojson,
Nizamabad,TSD0014,4168.33,35.40540313720703,39.161014556884766,37.96801370638876,17656.0,670363.25,38.10059356689453,"(77.73094369300003, 18.43404349700006, 78.64029038200005, 19.015710890000037)",01-09-2022.geojson,
Peddapalli,TSD0015,2195.39,39.810150146484375,46.3841438293457,45.06711461126005,9325.0,420250.84375,44.88086700439453,"(79.11294947900006, 18.385471986000027, 79.83268954900007, 18.854875013000026)",01-09-2022.geojson,
Rajanna Sircilla,TSD0016,1897.97,37.00153350830078,39.862030029296875,38.394429246456106,8042.0,308768.0,38.22127151489258,"(78.52078465300008, 18.21376387500004, 79.02266919100003, 18.69041016700004)",01-09-2022.geojson,
Sangareddy,TSD0017,4460.37,30.607595443725586,44.27591323852539,34.50590327833841,18729.0,646261.0625,33.81360626220703,"(77.44416825100006, 17.42785604100004, 78.44886573200006, 18.309307690000026)",01-09-2022.geojson,
Siddipet,TSD0018,3637.17,37.00153350830078,43.671478271484375,39.00354656081213,15367.0,599367.5,38.777854919433594,"(78.49289586600008, 17.667265188000044, 79.30335584600004, 18.34315846100003)",01-09-2022.geojson,
Vikarabad,TSD0019,3618.96,27.507471084594727,35.01350784301758,31.151818136801797,15146.0,471825.4375,30.949302673339844,"(77.36247981800005, 16.90300025500005, 78.07315782100005, 17.637813938000022)",01-09-2022.geojson,
Wanaparthy,TSD0020,2174.67,25.528308868408203,30.231922149658203,28.156940778620918,9093.0,256031.0625,27.925119400024414,"(77.65718116, 15.94285645900004, 78.31347526600007, 16.626992442000073)",01-09-2022.geojson,
Warangal Rural,TSD0021,2139.98,39.96413040161133,46.1519889831543,43.96393034825871,9045.0,397653.75,44.2164192199707,"(79.47950597500005, 17.619303173000105, 80.04124404200007, 18.279223933000026)",01-09-2022.geojson,
Warangal Urban,TSD0022,1294.45,41.1763801574707,45.747222900390625,43.51872030336257,5472.0,238134.4375,43.71805953979492,"(79.23082975700004, 17.786163054000042, 79.67163482100005, 18.266255774000058)",01-09-2022.geojson,
Yadadri Bhuvanagiri,TSD0023,3422.72,31.951261520385742,40.42702102661133,38.46929816959024,14423.0,554842.6875,38.29435348510742,"(78.68260567800007, 17.04419639500003, 79.45808114400006, 17.812669696000114)",01-09-2022.geojson,
Narayanpet,TSD0024,2380.13,26.08013916015625,28.95087432861328,27.27498798806393,9886.0,269640.53125,27.074886322021484,"(77.23725451100006, 16.34148046400003, 77.79666638000009, 17.061726844000077)",01-09-2022.geojson,
Jogulamba Gadwal,TSD0025,2574.21,24.86625099182129,28.18531608581543,25.986275140318053,10690.0,277793.28125,25.528308868408203,"(77.48561464400007, 15.836429923000026, 78.25321888900004, 16.362950969000053)",01-09-2022.geojson,
Rangareddy,TSD0026,4997.54,28.487276077270508,46.69117736816406,36.70423921316778,21021.0,771559.8125,34.4788818359375,"(77.92190617600005, 16.744225033000077, 78.84397639500008, 17.522654105000072)",01-09-2022.geojson,
Suryapet,TSD0027,3584.22,33.39522171020508,41.302303314208984,37.9171024056131,14965.0,567429.4375,38.64106750488281,"(79.36051795300006, 16.63122235000003, 80.07318026800004, 17.526066134000075)",01-09-2022.geojson,
Medchal Malkajgiri,TSD0028,1088.52,38.777854919433594,46.69117736816406,42.13700191048035,4580.0,192987.46875,44.27591323852539,"(78.34798865200008, 17.361463480000054, 78.75985781500003, 17.70854524600003)",01-09-2022.geojson,
Adilabad,TSD0029,3980.34,39.211246490478516,43.60298156738281,40.918494086215176,16656.0,681538.4375,40.9400520324707,"(78.17215629700007, 19.17277807100004, 78.97780562900004, 19.91690008100005)",01-09-2022.geojson,
Hyderabad,TSD0030,182.64,44.27591323852539,46.69117736816406,44.97944774057217,769.0,34589.1953125,44.27591323852539,"(78.38267903300004, 17.293465379000054, 78.55019026600007, 17.483791793000023)",01-09-2022.geojson,
Kumurambheem Asifabad,TSD0031,4495.32,38.96574783325195,42.63856506347656,40.678124015127636,19038.0,774430.125,40.44228744506836,"(78.80016529900007, 19.050559607000025, 79.97913072000006, 19.617151517000025)",01-09-2022.geojson,
Jayashankar Bhupalpally,TSD0032,2946.01,40.080196380615234,46.3841438293457,43.574795410783054,12464.0,543116.25,43.1812858581543,"(79.55918339200008, 18.156703452000045, 80.34460111152396, 18.869152369000062)",01-09-2022.geojson,
Mahabubnagar,TSD0033,2749.62,27.599369049072266,33.383766174316406,29.789921068609594,11529.0,343448.0,29.871885299682617,"(77.67537161200016, 16.378530416000103, 78.369893344, 17.01442864699999)",01-09-2022.geojson,
Bhadradri Kothagudem,TSD0001,6974.14,43.5951042175293,71.63634490966797,63.209999657311265,29181.0,1844531.0,66.43090057373047,"(80.20302028700007, 17.190519193000057, 81.31479948400005, 18.238859586000046)",01-10-2022.geojson,
Jagtial,TSD0002,2853.09,69.18830871582031,81.09544372558594,73.79965831199934,12109.0,893640.0625,74.216552734375,"(78.51948718900007, 18.563739734000023, 79.29767471800005, 19.07988819600007)",01-10-2022.geojson,
Jangoan,TSD0003,2112.71,64.75971984863281,75.66710662841797,71.33598306415433,8916.0,636031.625,71.46269226074219,"(78.86787166400006, 17.491730369000038, 79.56249112400008, 17.998869741000078)",01-10-2022.geojson,
Mulugu,TSD0004,4189.02,45.21853256225586,72.96501159667969,58.20008094031532,17760.0,1033633.4375,56.39981460571289,"(79.81612732700006, 17.99631982000011, 80.7937048350002, 18.63260770700009)",01-10-2022.geojson,
Kamareddy,TSD0005,3701.83,64.69651794433594,69.02762603759766,66.23335549929496,15602.0,1033372.8125,65.7773666381836,"(77.52089201100006, 18.068441783000026, 78.56926485100007, 18.558842766000055)",01-10-2022.geojson,
Karimnagar,TSD0006,2127.79,72.06607055664062,81.09544372558594,77.42202929102407,9013.0,697804.75,78.09571075439453,"(78.94956144100007, 18.132462591000035, 79.58025617800001, 18.678822129000025)",01-10-2022.geojson,
Khammam,TSD0007,4491.25,61.778404235839844,71.95008850097656,67.90627845321622,18671.0,1267878.125,67.5623779296875,"(79.80212475200005, 16.768789670000046, 80.92560532200008, 17.577896090000024)",01-10-2022.geojson,
Mahabubabad,TSD0008,3551.04,64.21187591552734,72.69151306152344,68.2337597441535,15009.0,1024120.5,68.0740737915039,"(79.51293497700004, 17.321621569000058, 80.32312548900006, 18.106543834000092)",01-10-2022.geojson,
Mancherial,TSD0009,3909.4,57.50843811035156,81.09544372558594,70.72198106358522,16529.0,1168963.625,72.1257553100586,"(78.87934684700008, 18.672040560000028, 79.96247775100005, 19.288073780000047)",01-10-2022.geojson,
Medak,TSD0010,2771.68,64.29878997802734,66.5470962524414,65.24250384418247,11706.0,763728.75,64.92218780517578,"(77.79480732300004, 17.664489015000072, 78.58893089700007, 18.215476757000033)",01-10-2022.geojson,
Nagarkurnool,TSD0011,6399.07,47.792667388916016,60.270999908447266,53.759510298444724,26169.0,1406832.625,53.27591323852539,"(78.10083116400006, 16.00532167600005, 79.23432760400004, 16.830959432000043)",01-10-2022.geojson,
Nalgonda,TSD0012,7218.26,55.20461654663086,70.99072265625,66.04433458882612,30267.0,1998963.875,66.63027954101562,"(78.62614167300006, 16.35584791900004, 79.70200312500003, 17.35996707100003)",01-10-2022.geojson,
Nirmal,TSD0013,3729.13,70.81964111328125,74.74954223632812,71.8785449181576,15762.0,1132949.625,71.98263549804688,"(77.76173454100007, 18.84522452500005, 78.95237500500008, 19.342882151000026)",01-10-2022.geojson,
Nizamabad,TSD0014,4168.33,65.98648834228516,71.98263549804688,69.11256088581786,17656.0,1220251.375,69.03099822998047,"(77.73094369300003, 18.43404349700006, 78.64029038200005, 19.015710890000037)",01-10-2022.geojson,
Peddapalli,TSD0015,2195.39,67.78186798095703,81.09544372558594,77.26046246648794,9325.0,720453.8125,77.94889831542969,"(79.11294947900006, 18.385471986000027, 79.83268954900007, 18.854875013000026)",01-10-2022.geojson,
Rajanna Sircilla,TSD0016,1897.97,64.69651794433594,74.216552734375,69.23154998756529,8042.0,556760.125,69.19621276855469,"(78.52078465300008, 18.21376387500004, 79.02266919100003, 18.69041016700004)",01-10-2022.geojson,
Sangareddy,TSD0017,4460.37,60.16521072387695,70.70040893554688,65.9453788242832,18729.0,1235091.0,65.58809661865234,"(77.44416825100006, 17.42785604100004, 78.44886573200006, 18.309307690000026)",01-10-2022.geojson,
Siddipet,TSD0018,3637.17,64.29878997802734,78.09571075439453,68.28153673456107,15367.0,1049282.375,67.78873443603516,"(78.49289586600008, 17.667265188000044, 79.30335584600004, 18.34315846100003)",01-10-2022.geojson,
Vikarabad,TSD0019,3618.96,56.232364654541016,67.24772644042969,61.58903340816057,15146.0,932827.5,61.68502426147461,"(77.36247981800005, 16.90300025500005, 78.07315782100005, 17.637813938000022)",01-10-2022.geojson,
Wanaparthy,TSD0020,2174.67,47.792667388916016,55.93058776855469,50.55775734081161,9093.0,459721.6875,49.94904708862305,"(77.65718116, 15.94285645900004, 78.31347526600007, 16.626992442000073)",01-10-2022.geojson,
Warangal Rural,TSD0021,2139.98,68.07241821289062,77.3443374633789,71.79478302929796,9045.0,649383.8125,72.69151306152344,"(79.47950597500005, 17.619303173000105, 80.04124404200007, 18.279223933000026)",01-10-2022.geojson,
Warangal Urban,TSD0022,1294.45,72.69151306152344,78.09571075439453,75.55021587171052,5472.0,413410.78125,75.66710662841797,"(79.23082975700004, 17.786163054000042, 79.67163482100005, 18.266255774000058)",01-10-2022.geojson,
Yadadri Bhuvanagiri,TSD0023,3422.72,63.350337982177734,71.46269226074219,66.95926644942107,14423.0,965753.5,66.67020416259766,"(78.68260567800007, 17.04419639500003, 79.45808114400006, 17.812669696000114)",01-10-2022.geojson,
Narayanpet,TSD0024,2380.13,50.26508712768555,58.04616928100586,54.61320933643536,9886.0,539906.1875,54.53480529785156,"(77.23725451100006, 16.34148046400003, 77.79666638000009, 17.061726844000077)",01-10-2022.geojson,
Jogulamba Gadwal,TSD0025,2574.21,46.81907653808594,54.53474807739258,50.38787418147802,10690.0,538646.375,50.00171661376953,"(77.48561464400007, 15.836429923000026, 78.25321888900004, 16.362950969000053)",01-10-2022.geojson,
Rangareddy,TSD0026,4997.54,57.405418395996094,73.2728500366211,66.12076613862328,21021.0,1389924.625,65.07173919677734,"(77.92190617600005, 16.744225033000077, 78.84397639500008, 17.522654105000072)",01-10-2022.geojson,
Suryapet,TSD0027,3584.22,68.71829223632812,71.95399475097656,70.6535415970598,14965.0,1057330.25,70.68598937988281,"(79.36051795300006, 16.63122235000003, 80.07318026800004, 17.526066134000075)",01-10-2022.geojson,
Medchal Malkajgiri,TSD0028,1088.52,64.7113265991211,73.2728500366211,67.97248908296943,4580.0,311314.0,70.467041015625,"(78.34798865200008, 17.361463480000054, 78.75985781500003, 17.70854524600003)",01-10-2022.geojson,
Adilabad,TSD0029,3980.34,71.19054412841797,81.4989013671875,75.12734149855908,16656.0,1251321.0,75.69916534423828,"(78.17215629700007, 19.17277807100004, 78.97780562900004, 19.91690008100005)",01-10-2022.geojson,
Hyderabad,TSD0030,182.64,70.467041015625,73.2728500366211,71.28433842652795,769.0,54817.65625,70.467041015625,"(78.38267903300004, 17.293465379000054, 78.55019026600007, 17.483791793000023)",01-10-2022.geojson,
Kumurambheem Asifabad,TSD0031,4495.32,57.50843811035156,78.48582458496094,71.25837798088034,19038.0,1356617.0,72.14521026611328,"(78.80016529900007, 19.050559607000025, 79.97913072000006, 19.617151517000025)",01-10-2022.geojson,
Jayashankar Bhupalpally,TSD0032,2946.01,52.80168914794922,77.94889831542969,65.08409719993581,12464.0,811208.1875,63.05354690551758,"(79.55918339200008, 18.156703452000045, 80.34460111152396, 18.869152369000062)",01-10-2022.geojson,
Mahabubnagar,TSD0033,2749.62,52.313560485839844,61.93070602416992,56.32157494145199,11529.0,649331.4375,55.93058776855469,"(77.67537161200016, 16.378530416000103, 78.369893344, 17.01442864699999)",01-10-2022.geojson,
Bhadradri Kothagudem,TSD0001,6974.14,80.14012908935547,107.5242919921875,92.57319831397142,29181.0,2701378.5,91.02379608154297,"(80.20302028700007, 17.190519193000057, 81.31479948400005, 18.238859586000046)",01-11-2022.geojson,
Jagtial,TSD0002,2853.09,110.65310668945312,125.45110321044922,115.60647039392188,12109.0,1399878.75,114.85313415527344,"(78.51948718900007, 18.563739734000023, 79.29767471800005, 19.07988819600007)",01-11-2022.geojson,
Jangoan,TSD0003,2112.71,103.18180084228516,121.88231658935547,111.57490045984747,8916.0,994801.8125,110.34397888183594,"(78.86787166400006, 17.491730369000038, 79.56249112400008, 17.998869741000078)",01-11-2022.geojson,
Mulugu,TSD0004,4189.02,77.53704071044922,105.08544158935547,81.95772804054054,17760.0,1455569.25,80.14012908935547,"(79.81612732700006, 17.99631982000011, 80.7937048350002, 18.63260770700009)",01-11-2022.geojson,
Kamareddy,TSD0005,3701.83,100.88968658447266,113.02141571044922,105.66217472118959,15602.0,1648541.25,103.6397705078125,"(77.52089201100006, 18.068441783000026, 78.56926485100007, 18.558842766000055)",01-11-2022.geojson,
Karimnagar,TSD0006,2127.79,117.21700286865234,131.24267578125,125.33078608676357,9013.0,1129606.375,125.45110321044922,"(78.94956144100007, 18.132462591000035, 79.58025617800001, 18.678822129000025)",01-11-2022.geojson,
Khammam,TSD0007,4491.25,90.29997253417969,115.14722442626953,102.37158561405388,18671.0,1911379.875,103.8535385131836,"(79.80212475200005, 16.768789670000046, 80.92560532200008, 17.577896090000024)",01-11-2022.geojson,
Mahabubabad,TSD0008,3551.04,80.44387817382812,110.34397888183594,90.8757662069425,15009.0,1363954.375,90.29997253417969,"(79.51293497700004, 17.321621569000058, 80.32312548900006, 18.106543834000092)",01-11-2022.geojson,
Mancherial,TSD0009,3909.4,82.5694580078125,125.45110321044922,103.29506473470869,16529.0,1707364.125,103.91258239746094,"(78.87934684700008, 18.672040560000028, 79.96247775100005, 19.288073780000047)",01-11-2022.geojson,
Medak,TSD0010,2771.68,99.07107543945312,103.69715118408203,101.23538142832736,11706.0,1185061.375,100.88968658447266,"(77.79480732300004, 17.664489015000072, 78.58893089700007, 18.215476757000033)",01-11-2022.geojson,
Nagarkurnool,TSD0011,6399.07,73.13955688476562,98.39897918701172,87.72504681111238,26169.0,2295676.75,89.30720520019531,"(78.10083116400006, 16.00532167600005, 79.23432760400004, 16.830959432000043)",01-11-2022.geojson,
Nalgonda,TSD0012,7218.26,92.91334533691406,107.3990249633789,101.95587603660752,30267.0,3085898.5,102.80563354492188,"(78.62614167300006, 16.35584791900004, 79.70200312500003, 17.35996707100003)",01-11-2022.geojson,
Nirmal,TSD0013,3729.13,110.46708679199219,118.04557037353516,113.92063982997081,15762.0,1795617.125,113.71421813964844,"(77.76173454100007, 18.84522452500005, 78.95237500500008, 19.342882151000026)",01-11-2022.geojson,
Nizamabad,TSD0014,4168.33,105.03107452392578,113.86759185791016,109.3764301087449,17656.0,1931150.25,110.46708679199219,"(77.73094369300003, 18.43404349700006, 78.64029038200005, 19.015710890000037)",01-11-2022.geojson,
Peddapalli,TSD0015,2195.39,94.47355651855469,131.24267578125,116.19022788203753,9325.0,1083473.875,117.21700286865234,"(79.11294947900006, 18.385471986000027, 79.83268954900007, 18.854875013000026)",01-11-2022.geojson,
Rajanna Sircilla,TSD0016,1897.97,103.28565216064453,122.69976043701172,113.23555241233524,8042.0,910640.3125,112.50251770019531,"(78.52078465300008, 18.21376387500004, 79.02266919100003, 18.69041016700004)",01-11-2022.geojson,
Sangareddy,TSD0017,4460.37,96.31721496582031,109.03291320800781,101.52733728442523,18729.0,1901505.5,100.16051483154297,"(77.44416825100006, 17.42785604100004, 78.44886573200006, 18.309307690000026)",01-11-2022.geojson,
Siddipet,TSD0018,3637.17,100.62235260009766,129.2628936767578,111.23140495867769,15367.0,1709293.0,112.39619445800781,"(78.49289586600008, 17.667265188000044, 79.30335584600004, 18.34315846100003)",01-11-2022.geojson,
Vikarabad,TSD0019,3618.96,95.10039520263672,107.18817138671875,100.12921728509177,15146.0,1516557.125,99.74537658691406,"(77.36247981800005, 16.90300025500005, 78.07315782100005, 17.637813938000022)",01-11-2022.geojson,
Wanaparthy,TSD0020,2174.67,73.13955688476562,93.6026382446289,83.94910920488287,9093.0,763349.25,84.22772979736328,"(77.65718116, 15.94285645900004, 78.31347526600007, 16.626992442000073)",01-11-2022.geojson,
Warangal Rural,TSD0021,2139.98,88.42277526855469,119.05329895019531,102.1364773355445,9045.0,923824.4375,104.0510482788086,"(79.47950597500005, 17.619303173000105, 80.04124404200007, 18.279223933000026)",01-11-2022.geojson,
Warangal Urban,TSD0022,1294.45,105.08544158935547,129.2628936767578,117.32726836622807,5472.0,642014.8125,116.5826644897461,"(79.23082975700004, 17.786163054000042, 79.67163482100005, 18.266255774000058)",01-11-2022.geojson,
Yadadri Bhuvanagiri,TSD0023,3422.72,96.30801391601562,113.16716003417969,103.03887020730777,14423.0,1486129.625,102.56861114501953,"(78.68260567800007, 17.04419639500003, 79.45808114400006, 17.812669696000114)",01-11-2022.geojson,
Narayanpet,TSD0024,2380.13,85.1797866821289,99.74537658691406,93.52629981792434,9886.0,924601.0,93.41558837890625,"(77.23725451100006, 16.34148046400003, 77.79666638000009, 17.061726844000077)",01-11-2022.geojson,
Jogulamba Gadwal,TSD0025,2574.21,67.74356079101562,94.17713165283203,81.68356524789523,10690.0,873197.3125,78.91059875488281,"(77.48561464400007, 15.836429923000026, 78.25321888900004, 16.362950969000053)",01-11-2022.geojson,
Rangareddy,TSD0026,4997.54,93.1085205078125,112.2664794921875,103.05261405261405,21021.0,2166269.0,102.53951263427734,"(77.92190617600005, 16.744225033000077, 78.84397639500008, 17.522654105000072)",01-11-2022.geojson,
Suryapet,TSD0027,3584.22,96.58364868164062,111.67717742919922,103.78627631139325,14965.0,1553161.625,102.92411804199219,"(79.36051795300006, 16.63122235000003, 80.07318026800004, 17.526066134000075)",01-11-2022.geojson,
Medchal Malkajgiri,TSD0028,1088.52,99.62926483154297,109.70474243164062,102.39638373362446,4580.0,468975.4375,103.99928283691406,"(78.34798865200008, 17.361463480000054, 78.75985781500003, 17.70854524600003)",01-11-2022.geojson,
Adilabad,TSD0029,3980.34,115.44014739990234,139.77024841308594,126.40628001921229,16656.0,2105423.0,127.80976104736328,"(78.17215629700007, 19.17277807100004, 78.97780562900004, 19.91690008100005)",01-11-2022.geojson,
Hyderabad,TSD0030,182.64,103.99928283691406,109.70474243164062,105.66120773732119,769.0,81253.46875,103.99928283691406,"(78.38267903300004, 17.293465379000054, 78.55019026600007, 17.483791793000023)",01-11-2022.geojson,
Kumurambheem Asifabad,TSD0031,4495.32,84.98904418945312,130.19805908203125,109.4863693665301,19038.0,2084401.5,108.60017395019531,"(78.80016529900007, 19.050559607000025, 79.97913072000006, 19.617151517000025)",01-11-2022.geojson,
Jayashankar Bhupalpally,TSD0032,2946.01,77.41424560546875,119.05329895019531,90.56446566110398,12464.0,1128795.5,84.044677734375,"(79.55918339200008, 18.156703452000045, 80.34460111152396, 18.869152369000062)",01-11-2022.geojson,
Mahabubnagar,TSD0033,2749.62,88.47341918945312,102.53951263427734,94.5846018735363,11529.0,1090465.875,93.6026382446289,"(77.67537161200016, 16.378530416000103, 78.369893344, 17.01442864699999)",01-11-2022.geojson,
Bhadradri Kothagudem,TSD0001,6974.14,68.64057159423828,108.98438262939453,90.80396490867345,29181.0,2649750.5,92.9588623046875,"(80.20302028700007, 17.190519193000057, 81.31479948400005, 18.238859586000046)",01-12-2022.geojson,
Jagtial,TSD0002,2853.09,87.5014877319336,104.35419464111328,93.43187918077463,12109.0,1131366.625,92.64337158203125,"(78.51948718900007, 18.563739734000023, 79.29767471800005, 19.07988819600007)",01-12-2022.geojson,
Jangoan,TSD0003,2112.71,90.25298309326172,105.81468200683594,100.42183995065052,8916.0,895361.125,100.3328628540039,"(78.86787166400006, 17.491730369000038, 79.56249112400008, 17.998869741000078)",01-12-2022.geojson,
Mulugu,TSD0004,4189.02,64.40656280517578,100.23872375488281,74.18638795045045,17760.0,1317550.25,71.19230651855469,"(79.81612732700006, 17.99631982000011, 80.7937048350002, 18.63260770700009)",01-12-2022.geojson,
Kamareddy,TSD0005,3701.83,85.43030548095703,92.21127319335938,87.68407896423535,15602.0,1368047.0,86.98320770263672,"(77.52089201100006, 18.068441783000026, 78.56926485100007, 18.558842766000055)",01-12-2022.geojson,
Karimnagar,TSD0006,2127.79,97.06381225585938,109.74977111816406,106.5104779207811,9013.0,959978.9375,107.11270141601562,"(78.94956144100007, 18.132462591000035, 79.58025617800001, 18.678822129000025)",01-12-2022.geojson,
Khammam,TSD0007,4491.25,95.75997161865234,117.94744873046875,107.89165684751754,18671.0,2014445.125,108.62544250488281,"(79.80212475200005, 16.768789670000046, 80.92560532200008, 17.577896090000024)",01-12-2022.geojson,
Mahabubabad,TSD0008,3551.04,78.02771759033203,105.77018737792969,92.29098374308748,15009.0,1385195.375,95.75997161865234,"(79.51293497700004, 17.321621569000058, 80.32312548900006, 18.106543834000092)",01-12-2022.geojson,
Mancherial,TSD0009,3909.4,66.29975128173828,104.35419464111328,86.41183677173453,16529.0,1428301.25,87.932861328125,"(78.87934684700008, 18.672040560000028, 79.96247775100005, 19.288073780000047)",01-12-2022.geojson,
Medak,TSD0010,2771.68,85.77275085449219,91.64163208007812,88.66259824021868,11706.0,1037884.375,87.93620300292969,"(77.79480732300004, 17.664489015000072, 78.58893089700007, 18.215476757000033)",01-12-2022.geojson,
Nagarkurnool,TSD0011,6399.07,64.50492095947266,91.984375,77.64452214452214,26169.0,2031879.5,79.75891876220703,"(78.10083116400006, 16.00532167600005, 79.23432760400004, 16.830959432000043)",01-12-2022.geojson,
Nalgonda,TSD0012,7218.26,82.35653686523438,111.45172119140625,98.96235999603529,30267.0,2995293.75,100.80706024169922,"(78.62614167300006, 16.35584791900004, 79.70200312500003, 17.35996707100003)",01-12-2022.geojson,
Nirmal,TSD0013,3729.13,88.56209564208984,95.08171081542969,91.85048693059257,15762.0,1447747.375,91.6732177734375,"(77.76173454100007, 18.84522452500005, 78.95237500500008, 19.342882151000026)",01-12-2022.geojson,
Nizamabad,TSD0014,4168.33,85.43030548095703,92.28726196289062,87.97969528772089,17656.0,1553369.5,87.5014877319336,"(77.73094369300003, 18.43404349700006, 78.64029038200005, 19.015710890000037)",01-12-2022.geojson,
Peddapalli,TSD0015,2195.39,83.29405975341797,109.25237274169922,100.07099195710455,9325.0,933162.0,102.75413513183594,"(79.11294947900006, 18.385471986000027, 79.83268954900007, 18.854875013000026)",01-12-2022.geojson,
Rajanna Sircilla,TSD0016,1897.97,86.11244201660156,101.65721130371094,93.52228145983587,8042.0,752106.1875,92.26431274414062,"(78.52078465300008, 18.21376387500004, 79.02266919100003, 18.69041016700004)",01-12-2022.geojson,
Sangareddy,TSD0017,4460.37,85.56441497802734,98.01287841796875,90.29414277323936,18729.0,1691119.0,89.29805755615234,"(77.44416825100006, 17.42785604100004, 78.44886573200006, 18.309307690000026)",01-12-2022.geojson,
Siddipet,TSD0018,3637.17,86.69230651855469,109.74977111816406,95.19795666037614,15367.0,1462907.0,93.4295654296875,"(78.49289586600008, 17.667265188000044, 79.30335584600004, 18.34315846100003)",01-12-2022.geojson,
Vikarabad,TSD0019,3618.96,76.80138397216797,93.27105712890625,84.91375610722302,15146.0,1286103.75,84.97657775878906,"(77.36247981800005, 16.90300025500005, 78.07315782100005, 17.637813938000022)",01-12-2022.geojson,
Wanaparthy,TSD0020,2174.67,64.50492095947266,78.90509796142578,72.71825855053338,9093.0,661227.125,72.50206756591797,"(77.65718116, 15.94285645900004, 78.31347526600007, 16.626992442000073)",01-12-2022.geojson,
Warangal Rural,TSD0021,2139.98,87.72344207763672,107.11270141601562,97.51639027086789,9045.0,882035.75,100.0516357421875,"(79.47950597500005, 17.619303173000105, 80.04124404200007, 18.279223933000026)",01-12-2022.geojson,
Warangal Urban,TSD0022,1294.45,100.23872375488281,109.74977111816406,105.53002786915205,5472.0,577460.3125,105.81468200683594,"(79.23082975700004, 17.786163054000042, 79.67163482100005, 18.266255774000058)",01-12-2022.geojson,
Yadadri Bhuvanagiri,TSD0023,3422.72,90.25298309326172,104.45182800292969,95.2116324620398,14423.0,1373237.375,94.72196960449219,"(78.68260567800007, 17.04419639500003, 79.45808114400006, 17.812669696000114)",01-12-2022.geojson,
Narayanpet,TSD0024,2380.13,73.49971771240234,86.62676239013672,78.78310868905523,9886.0,778849.8125,77.48016357421875,"(77.23725451100006, 16.34148046400003, 77.79666638000009, 17.061726844000077)",01-12-2022.geojson,
Jogulamba Gadwal,TSD0025,2574.21,64.26355743408203,81.33907318115234,71.45851262862489,10690.0,763891.5,70.06013488769531,"(77.48561464400007, 15.836429923000026, 78.25321888900004, 16.362950969000053)",01-12-2022.geojson,
Rangareddy,TSD0026,4997.54,80.27704620361328,99.12477111816406,91.02124661053233,21021.0,1913357.625,91.00039672851562,"(77.92190617600005, 16.744225033000077, 78.84397639500008, 17.522654105000072)",01-12-2022.geojson,
Suryapet,TSD0027,3584.22,98.6141357421875,115.77709197998047,108.44497160040093,14965.0,1622879.0,110.47598266601562,"(79.36051795300006, 16.63122235000003, 80.07318026800004, 17.526066134000075)",01-12-2022.geojson,
Medchal Malkajgiri,TSD0028,1088.52,90.25298309326172,99.12477111816406,94.06809497816595,4580.0,430831.875,97.00971221923828,"(78.34798865200008, 17.361463480000054, 78.75985781500003, 17.70854524600003)",01-12-2022.geojson,
Adilabad,TSD0029,3980.34,93.72088623046875,113.15784454345703,103.7275456292027,16656.0,1727686.0,103.32807159423828,"(78.17215629700007, 19.17277807100004, 78.97780562900004, 19.91690008100005)",01-12-2022.geojson,
Hyderabad,TSD0030,182.64,97.00971221923828,99.12477111816406,97.62580258452536,769.0,75074.2421875,97.00971221923828,"(78.38267903300004, 17.293465379000054, 78.55019026600007, 17.483791793000023)",01-12-2022.geojson,
Kumurambheem Asifabad,TSD0031,4495.32,66.29975128173828,103.32807159423828,88.41132209265679,19038.0,1683174.75,89.70586395263672,"(78.80016529900007, 19.050559607000025, 79.97913072000006, 19.617151517000025)",01-12-2022.geojson,
Jayashankar Bhupalpally,TSD0032,2946.01,64.54297637939453,107.11270141601562,83.08027619544288,12464.0,1035512.5625,78.77891540527344,"(79.55918339200008, 18.156703452000045, 80.34460111152396, 18.869152369000062)",01-12-2022.geojson,
Mahabubnagar,TSD0033,2749.62,76.70732116699219,83.59208679199219,79.08486208691127,11529.0,911769.375,78.90509796142578,"(77.67537161200016, 16.378530416000103, 78.369893344, 17.01442864699999)",01-12-2022.geojson,
,,,,,,,,,,01-01-2022.tif,"(77.24163970501705, 15.837298459027165, 81.32448267134028, 19.915649848929792)"
,,,,,,,,,,01-02-2022.tif,"(77.24163970501705, 15.837298459027165, 81.32448267134028, 19.915649848929792)"
,,,,,,,,,,01-03-2022.tif,"(77.24163970501705, 15.837298459027165, 81.32448267134028, 19.915649848929792)"
,,,,,,,,,,01-04-2022.tif,"(77.24163970501705, 15.837298459027165, 81.32448267134028, 19.915649848929792)"
,,,,,,,,,,01-05-2022.tif,"(77.24163970501705, 15.837298459027165, 81.32448267134028, 19.915649848929792)"
,,,,,,,,,,01-06-2022.tif,"(77.24163970501705, 15.837298459027165, 81.32448267134028, 19.915649848929792)"
,,,,,,,,,,01-07-2022.tif,"(77.24163970501705, 15.837298459027165, 81.32448267134028, 19.915649848929792)"
,,,,,,,,,,01-08-2022.tif,"(77.24163970501705, 15.837298459027165, 81.32448267134028, 19.915649848929792)"
,,,,,,,,,,01-09-2022.tif,"(77.24163970501705, 15.837298459027165, 81.32448267134028, 19.915649848929792)"
,,,,,,,,,,01-10-2022.tif,"(77.24163970501705, 15.837298459027165, 81.32448267134028, 19.915649848929792)"
,,,,,,,,,,01-11-2022.tif,"(77.24163970501705, 15.837298459027165, 81.32448267134028, 19.915649848929792)"
,,,,,,,,,,01-12-2022.tif,"(77.24163970501705, 15.837298459027165, 81.32448267134028, 19.915649848929792)"
